gvkey,permno,adate,qdate,public_date,CAPEI,bm,evm,pe_op_basic,pe_op_dil,pe_exi,pe_inc,ps,pcf,dpr,npm,opmbd,opmad,gpm,ptpm,cfm,roa,roe,roce,efftax,aftret_eq,aftret_invcapx,aftret_equity,pretret_noa,pretret_earnat,GProf,equity_invcap,debt_invcap,totdebt_invcap,capital_ratio,int_debt,int_totdebt,cash_lt,invt_act,rect_act,debt_at,debt_ebitda,short_debt,curr_debt,lt_debt,profit_lct,ocf_lct,cash_debt,fcf_ocf,lt_ppent,dltt_be,debt_assets,debt_capital,de_ratio,intcov,intcov_ratio,cash_ratio,quick_ratio,curr_ratio,cash_conversion,inv_turn,at_turn,rect_turn,pay_turn,sale_invcap,sale_equity,sale_nwc,rd_sale,adv_sale,staff_sale,accrual,ptb,PEG_trailing,divyield,TICKER,cusip
001690,14593,2009-09-30,2009-09-30,2010-01-31,43.783,0.203,13.424,20.831,21.152,21.152,21.152,4.059,17.144,0.000,0.192,0.290,0.274,0.417,0.281,0.209,0.285,0.296,0.446,0.318,0.313,0.379,0.313,0.510,0.328,0.377,1.000,0.000,0.000,0.000,,,1.479,0.014,0.160,0.000,0.000,,0.725,0.000,1.080,0.883,0.641,0.887,5.369,0.000,0.334,0.150,0.501,,,2.039,2.703,2.742,,51.865,0.985,8.791,4.486,1.356,1.356,2.140,0.031,0.012,0.000,-0.044,5.144,0.355,,AAPL,03783310
001690,14593,2009-09-30,2009-12-31,2010-02-28,48.834,0.202,10.239,0.701,0.714,0.714,0.714,3.973,15.460,0.000,0.200,0.303,0.286,0.426,0.290,0.231,0.311,0.341,0.510,0.318,0.357,0.341,0.357,0.595,0.365,0.413,1.000,0.000,0.000,0.000,,,1.297,0.013,0.128,0.000,0.000,,0.732,0.000,1.028,0.873,0.641,0.902,6.674,0.000,0.390,0.151,0.639,,,1.772,2.403,2.434,,62.233,0.969,10.891,5.155,1.589,1.589,2.368,0.030,0.012,0.000,-0.056,4.815,0.013,,AAPL,03783310
001690,14593,2009-09-30,2009-12-31,2010-03-31,56.260,0.202,10.239,0.805,0.820,0.820,0.820,4.577,17.811,0.000,0.200,0.303,0.286,0.426,0.290,0.231,0.311,0.341,0.510,0.318,0.357,0.341,0.357,0.595,0.365,0.413,1.000,0.000,0.000,0.000,,,1.297,0.013,0.128,0.000,0.000,,0.732,0.000,1.028,0.873,0.641,0.902,6.674,0.000,0.390,0.151,0.639,,,1.772,2.403,2.434,,62.233,0.969,10.891,5.155,1.589,1.589,2.368,0.030,0.012,0.000,-0.056,5.547,0.015,,AAPL,03783310
001690,14593,2009-09-30,2009-12-31,2010-04-30,62.527,0.202,10.239,0.894,0.911,0.911,0.911,5.086,19.795,0.000,0.200,0.303,0.286,0.426,0.290,0.231,0.311,0.341,0.510,0.318,0.357,0.341,0.357,0.595,0.365,0.413,1.000,0.000,0.000,0.000,,,1.297,0.013,0.128,0.000,0.000,,0.732,0.000,1.028,0.873,0.641,0.902,6.674,0.000,0.390,0.151,0.639,,,1.772,2.403,2.434,,62.233,0.969,10.891,5.155,1.589,1.589,2.368,0.030,0.012,0.000,-0.056,6.165,0.016,,AAPL,03783310
001690,14593,2009-09-30,2010-03-31,2010-05-31,54.324,0.199,11.041,0.765,0.779,0.779,0.779,4.572,17.326,0.000,0.211,0.310,0.294,0.429,0.297,0.249,0.328,0.348,0.511,0.318,0.368,0.348,0.368,0.666,0.414,0.425,1.000,0.000,0.000,0.000,,,1.293,0.015,0.142,0.000,0.000,,0.723,0.000,1.184,1.009,0.641,0.900,6.051,0.000,0.358,0.146,0.558,,,1.788,2.437,2.475,,56.982,0.990,10.908,5.217,1.542,1.542,2.592,0.030,0.012,0.000,-0.054,5.488,0.014,,AAPL,03783310
001690,14593,2009-09-30,2010-03-31,2010-06-30,53.400,0.199,11.041,0.749,0.763,0.763,0.763,4.494,17.031,0.000,0.211,0.310,0.294,0.429,0.297,0.249,0.328,0.348,0.511,0.318,0.368,0.348,0.368,0.666,0.414,0.425,1.000,0.000,0.000,0.000,,,1.293,0.015,0.142,0.000,0.000,,0.723,0.000,1.184,1.009,0.641,0.900,6.051,0.000,0.358,0.146,0.558,,,1.788,2.437,2.475,,56.982,0.990,10.908,5.217,1.542,1.542,2.592,0.030,0.012,0.000,-0.054,5.395,0.014,,AAPL,03783310
001690,14593,2009-09-30,2010-03-31,2010-07-31,54.619,0.199,11.041,0.766,0.780,0.780,0.780,4.597,17.420,0.000,0.211,0.310,0.294,0.429,0.297,0.249,0.328,0.348,0.511,0.318,0.368,0.348,0.368,0.666,0.414,0.425,1.000,0.000,0.000,0.000,,,1.293,0.015,0.142,0.000,0.000,,0.723,0.000,1.184,1.009,0.641,0.900,6.051,0.000,0.358,0.146,0.558,,,1.788,2.437,2.475,,56.982,0.990,10.908,5.217,1.542,1.542,2.592,0.030,0.012,0.000,-0.054,5.518,0.014,,AAPL,03783310
001690,14593,2009-09-30,2010-06-30,2010-08-31,45.656,0.204,11.432,0.646,0.657,0.654,0.654,3.890,13.861,0.000,0.214,0.307,0.291,0.424,0.294,0.260,0.339,0.345,0.501,0.318,0.369,0.345,0.369,0.730,0.460,0.433,1.000,0.000,0.000,0.000,,,1.305,0.020,0.157,0.000,0.000,,0.715,0.000,1.337,1.222,0.641,0.894,5.408,0.000,0.329,0.149,0.489,,,1.825,2.491,2.541,,50.419,1.023,10.892,5.101,1.524,1.524,2.826,0.029,0.012,0.000,-0.070,4.731,0.012,,AAPL,03783310
001690,14593,2009-09-30,2010-06-30,2010-09-30,53.431,0.204,11.432,0.753,0.767,0.763,0.763,4.553,16.222,0.000,0.214,0.307,0.291,0.424,0.294,0.260,0.339,0.345,0.501,0.318,0.369,0.345,0.369,0.730,0.460,0.433,1.000,0.000,0.000,0.000,,,1.305,0.020,0.157,0.000,0.000,,0.715,0.000,1.337,1.222,0.641,0.894,5.408,0.000,0.329,0.149,0.489,,,1.825,2.491,2.541,,50.419,1.023,10.892,5.101,1.524,1.524,2.826,0.029,0.012,0.000,-0.070,5.537,0.014,,AAPL,03783310
001690,14593,2009-09-30,2010-06-30,2010-10-31,56.758,0.204,11.432,0.799,0.813,0.809,0.809,4.836,17.232,0.000,0.214,0.307,0.291,0.424,0.294,0.260,0.339,0.345,0.501,0.318,0.369,0.345,0.369,0.730,0.460,0.433,1.000,0.000,0.000,0.000,,,1.305,0.020,0.157,0.000,0.000,,0.715,0.000,1.337,1.222,0.641,0.894,5.408,0.000,0.329,0.149,0.489,,,1.825,2.491,2.541,,50.419,1.023,10.892,5.101,1.524,1.524,2.826,0.029,0.012,0.000,-0.070,5.882,0.014,,AAPL,03783310
001690,14593,2010-09-30,2010-09-30,2010-11-30,43.820,0.200,13.455,20.270,20.606,20.538,20.538,4.376,15.349,0.000,0.215,0.296,0.282,0.408,0.284,0.231,0.315,0.326,0.463,0.244,0.353,0.414,0.353,0.755,0.454,0.354,1.000,0.000,0.000,0.000,,,0.935,0.025,0.238,0.000,0.000,,0.756,0.000,0.932,0.897,0.679,0.892,5.745,0.000,0.364,0.201,0.573,,,1.236,1.961,2.011,,51.274,1.063,8.708,4.451,1.365,1.365,3.112,0.027,0.011,0.000,-0.075,5.479,0.357,,AAPL,03783310
001690,14593,2010-09-30,2010-09-30,2010-12-31,45.612,0.200,13.455,21.014,21.362,21.291,21.291,4.555,15.977,0.000,0.215,0.296,0.282,0.408,0.284,0.231,0.315,0.326,0.463,0.244,0.353,0.414,0.353,0.755,0.454,0.354,1.000,0.000,0.000,0.000,,,0.935,0.025,0.238,0.000,0.000,,0.756,0.000,0.932,0.897,0.679,0.892,5.745,0.000,0.364,0.201,0.573,,,1.236,1.961,2.011,,51.274,1.063,8.708,4.451,1.365,1.365,3.112,0.027,0.011,0.000,-0.075,5.703,0.370,,AAPL,03783310
001690,14593,2010-09-30,2010-09-30,2011-01-31,47.995,0.200,13.455,22.106,22.472,22.397,22.397,4.793,16.811,0.000,0.215,0.296,0.282,0.408,0.284,0.231,0.315,0.326,0.463,0.244,0.353,0.414,0.353,0.755,0.454,0.354,1.000,0.000,0.000,0.000,,,0.935,0.025,0.238,0.000,0.000,,0.756,0.000,0.932,0.897,0.679,0.892,5.745,0.000,0.364,0.201,0.573,,,1.236,1.961,2.011,,51.274,1.063,8.708,4.451,1.365,1.365,3.112,0.027,0.011,0.000,-0.075,6.001,0.389,,AAPL,03783310
001690,14593,2010-09-30,2010-12-31,2011-02-28,52.059,0.202,11.038,0.695,0.707,0.704,0.704,4.266,14.407,0.000,0.218,0.297,0.282,0.403,0.285,0.234,0.361,0.369,0.518,0.244,0.401,0.369,0.401,0.885,0.541,0.433,1.000,0.000,0.000,0.000,,,1.013,0.023,0.207,0.000,0.000,,0.732,0.000,1.253,1.249,0.679,0.874,5.449,0.000,0.348,0.179,0.534,,,1.383,2.079,2.128,,51.807,1.076,9.588,4.534,1.650,1.650,3.739,0.026,0.011,0.000,-0.088,5.416,0.012,,AAPL,03783310
001690,14593,2010-09-30,2010-12-31,2011-03-31,51.556,0.202,11.038,0.686,0.697,0.695,0.695,4.224,14.267,0.000,0.218,0.297,0.282,0.403,0.285,0.234,0.361,0.369,0.518,0.244,0.401,0.369,0.401,0.885,0.541,0.433,1.000,0.000,0.000,0.000,,,1.013,0.023,0.207,0.000,0.000,,0.732,0.000,1.253,1.249,0.679,0.874,5.449,0.000,0.348,0.179,0.534,,,1.383,2.079,2.128,,51.807,1.076,9.588,4.534,1.650,1.650,3.739,0.026,0.011,0.000,-0.088,5.363,0.012,,AAPL,03783310
001690,14593,2010-09-30,2010-12-31,2011-04-30,51.800,0.202,11.038,0.689,0.701,0.698,0.698,4.245,14.335,0.000,0.218,0.297,0.282,0.403,0.285,0.234,0.361,0.369,0.518,0.244,0.401,0.369,0.401,0.885,0.541,0.433,1.000,0.000,0.000,0.000,,,1.013,0.023,0.207,0.000,0.000,,0.732,0.000,1.253,1.249,0.679,0.874,5.449,0.000,0.348,0.179,0.534,,,1.383,2.079,2.128,,51.807,1.076,9.588,4.534,1.650,1.650,3.739,0.026,0.011,0.000,-0.088,5.389,0.012,,AAPL,03783310
001690,14593,2010-09-30,2011-03-31,2011-05-31,45.037,0.210,10.355,0.585,0.594,0.592,0.592,3.678,12.149,0.000,0.224,0.306,0.290,0.407,0.293,0.239,0.377,0.388,0.549,0.244,0.423,0.388,0.423,1.018,0.590,0.442,1.000,0.000,0.000,0.000,,,0.927,0.023,0.227,0.000,0.000,,0.738,0.000,1.268,1.254,0.679,0.879,5.488,0.000,0.356,0.190,0.553,,,1.257,1.952,1.997,,54.512,1.088,9.135,4.304,1.690,1.690,4.155,0.024,0.011,0.000,-0.091,4.756,0.009,,AAPL,03783310
001690,14593,2010-09-30,2011-03-31,2011-06-30,43.563,0.210,10.355,0.564,0.573,0.571,0.571,3.558,11.752,0.000,0.224,0.306,0.290,0.407,0.293,0.239,0.377,0.388,0.549,0.244,0.423,0.388,0.423,1.018,0.590,0.442,1.000,0.000,0.000,0.000,,,0.927,0.023,0.227,0.000,0.000,,0.738,0.000,1.268,1.254,0.679,0.879,5.488,0.000,0.356,0.190,0.553,,,1.257,1.952,1.997,,54.512,1.088,9.135,4.304,1.690,1.690,4.155,0.024,0.011,0.000,-0.091,4.601,0.009,,AAPL,03783310
001690,14593,2010-09-30,2011-03-31,2011-07-31,50.686,0.210,10.355,0.657,0.667,0.665,0.665,4.140,13.673,0.000,0.224,0.306,0.290,0.407,0.293,0.239,0.377,0.388,0.549,0.244,0.423,0.388,0.423,1.018,0.590,0.442,1.000,0.000,0.000,0.000,,,0.927,0.023,0.227,0.000,0.000,,0.738,0.000,1.268,1.254,0.679,0.879,5.488,0.000,0.356,0.190,0.553,,,1.257,1.952,1.997,,54.512,1.088,9.135,4.304,1.690,1.690,4.155,0.024,0.011,0.000,-0.091,5.353,0.010,,AAPL,03783310
001690,14593,2010-09-30,2011-06-30,2011-08-31,43.357,0.246,9.263,0.536,0.544,0.544,0.544,3.556,10.883,0.000,0.235,0.320,0.304,0.414,0.308,0.251,0.400,0.416,0.590,0.244,0.456,0.416,0.456,1.162,0.644,0.457,1.000,0.000,0.000,0.000,,,0.846,0.021,0.242,0.000,0.000,,0.734,0.000,1.343,1.370,0.679,0.897,5.516,0.000,0.358,0.192,0.559,,,1.152,1.836,1.876,,62.607,1.104,9.254,4.247,1.720,1.720,4.789,0.023,0.011,0.000,-0.107,4.653,0.008,,AAPL,03783310
001690,14593,2010-09-30,2011-06-30,2011-09-30,43.063,0.246,9.263,0.532,0.539,0.539,0.539,3.532,10.809,0.000,0.235,0.320,0.304,0.414,0.308,0.251,0.400,0.416,0.590,0.244,0.456,0.416,0.456,1.162,0.644,0.457,1.000,0.000,0.000,0.000,,,0.846,0.021,0.242,0.000,0.000,,0.734,0.000,1.343,1.370,0.679,0.897,5.516,0.000,0.358,0.192,0.559,,,1.152,1.836,1.876,,62.607,1.104,9.254,4.247,1.720,1.720,4.789,0.023,0.011,0.000,-0.107,4.622,0.008,,AAPL,03783310
001690,14593,2010-09-30,2011-06-30,2011-10-31,45.719,0.246,9.263,0.564,0.572,0.572,0.572,3.750,11.476,0.000,0.235,0.320,0.304,0.414,0.308,0.251,0.400,0.416,0.590,0.244,0.456,0.416,0.456,1.162,0.644,0.457,1.000,0.000,0.000,0.000,,,0.846,0.021,0.242,0.000,0.000,,0.734,0.000,1.343,1.370,0.679,0.897,5.516,0.000,0.358,0.192,0.559,,,1.152,1.836,1.876,,62.607,1.104,9.254,4.247,1.720,1.720,4.789,0.023,0.011,0.000,-0.107,4.907,0.008,,AAPL,03783310
001690,14593,2011-09-30,2011-09-30,2011-11-30,31.435,0.239,9.950,13.626,13.808,13.808,13.808,3.282,9.465,0.000,0.239,0.329,0.312,0.422,0.316,0.256,0.372,0.379,0.543,0.242,0.417,0.498,0.417,1.338,0.681,0.392,1.000,0.000,0.000,0.000,,,0.653,0.017,0.260,0.000,0.000,,0.704,0.000,1.273,1.342,0.944,0.886,5.112,0.000,0.342,0.160,0.519,,,0.928,1.581,1.608,,68.537,1.130,10.004,4.679,1.413,1.413,6.361,0.022,0.009,0.000,-0.121,4.190,0.189,,AAPL,03783310
001690,14593,2011-09-30,2011-09-30,2011-12-31,33.411,0.239,9.950,14.439,14.632,14.632,14.632,3.488,10.060,0.000,0.239,0.329,0.312,0.422,0.316,0.256,0.372,0.379,0.543,0.242,0.417,0.498,0.417,1.338,0.681,0.392,1.000,0.000,0.000,0.000,,,0.653,0.017,0.260,0.000,0.000,,0.704,0.000,1.273,1.342,0.944,0.886,5.112,0.000,0.342,0.160,0.519,,,0.928,1.581,1.608,,68.537,1.130,10.004,4.679,1.413,1.413,6.361,0.022,0.009,0.000,-0.121,4.454,0.200,,AAPL,03783310
001690,14593,2011-09-30,2011-09-30,2012-01-31,37.664,0.239,9.950,16.274,16.491,16.491,16.491,3.932,11.341,0.000,0.239,0.329,0.312,0.422,0.316,0.256,0.372,0.379,0.543,0.242,0.417,0.498,0.417,1.338,0.681,0.392,1.000,0.000,0.000,0.000,,,0.653,0.017,0.260,0.000,0.000,,0.704,0.000,1.273,1.342,0.944,0.886,5.112,0.000,0.342,0.160,0.519,,,0.928,1.581,1.608,,68.537,1.130,10.004,4.679,1.413,1.413,6.361,0.022,0.009,0.000,-0.121,5.021,0.226,,AAPL,03783310
001690,14593,2011-09-30,2011-12-31,2012-02-29,46.175,0.264,7.505,0.545,0.552,0.552,0.552,3.956,11.162,0.000,0.258,0.356,0.339,0.441,0.342,0.275,0.449,0.456,0.661,0.242,0.503,0.456,0.503,1.626,0.827,0.494,1.000,0.000,0.000,0.000,,,0.714,0.020,0.262,0.000,0.000,,0.714,0.000,1.599,1.593,0.944,0.904,5.571,0.000,0.349,0.172,0.535,,,1.000,1.669,1.702,,74.590,1.120,10.073,4.644,1.719,1.719,6.401,0.020,0.009,0.000,-0.113,5.069,0.007,,AAPL,03783310
001690,14593,2011-09-30,2011-12-31,2012-03-31,51.179,0.264,7.505,0.602,0.610,0.610,0.610,4.385,12.372,0.000,0.258,0.356,0.339,0.441,0.342,0.275,0.449,0.456,0.661,0.242,0.503,0.456,0.503,1.626,0.827,0.494,1.000,0.000,0.000,0.000,,,0.714,0.020,0.262,0.000,0.000,,0.714,0.000,1.599,1.593,0.944,0.904,5.571,0.000,0.349,0.172,0.535,,,1.000,1.669,1.702,,74.590,1.120,10.073,4.644,1.719,1.719,6.401,0.020,0.009,0.000,-0.113,5.618,0.008,,AAPL,03783310
001690,14593,2011-09-30,2011-12-31,2012-04-30,49.854,0.264,7.505,0.587,0.594,0.594,0.594,4.271,12.052,0.000,0.258,0.356,0.339,0.441,0.342,0.275,0.449,0.456,0.661,0.242,0.503,0.456,0.503,1.626,0.827,0.494,1.000,0.000,0.000,0.000,,,0.714,0.020,0.262,0.000,0.000,,0.714,0.000,1.599,1.593,0.944,0.904,5.571,0.000,0.349,0.172,0.535,,,1.000,1.669,1.702,,74.590,1.120,10.073,4.644,1.719,1.719,6.401,0.020,0.009,0.000,-0.113,5.473,0.007,,AAPL,03783310
001690,14593,2011-09-30,2012-03-31,2012-05-31,42.388,0.204,7.522,0.497,0.503,0.503,0.503,3.795,10.180,0.000,0.271,0.374,0.357,0.457,0.361,0.289,0.467,0.470,0.683,0.242,0.519,0.470,0.519,1.874,0.915,0.507,1.000,0.000,0.000,0.000,,,0.649,0.020,0.271,0.000,0.000,,0.697,0.000,1.755,1.747,0.944,0.902,5.586,0.000,0.340,0.161,0.515,,,0.931,1.592,1.625,,77.248,1.111,10.655,4.758,1.682,1.682,7.503,0.020,0.009,0.000,-0.119,4.730,0.006,,AAPL,03783310
001690,14593,2011-09-30,2012-03-31,2012-06-30,42.949,0.204,7.522,0.503,0.509,0.509,0.509,3.845,10.314,0.000,0.271,0.374,0.357,0.457,0.361,0.289,0.467,0.470,0.683,0.242,0.519,0.470,0.519,1.874,0.915,0.507,1.000,0.000,0.000,0.000,,,0.649,0.020,0.271,0.000,0.000,,0.697,0.000,1.755,1.747,0.944,0.902,5.586,0.000,0.340,0.161,0.515,,,0.931,1.592,1.625,,77.248,1.111,10.655,4.758,1.682,1.682,7.503,0.020,0.009,0.000,-0.119,4.793,0.006,,AAPL,03783310
001690,14593,2011-09-30,2012-03-31,2012-07-31,44.924,0.204,7.522,0.526,0.532,0.532,0.532,4.022,10.789,0.000,0.271,0.374,0.357,0.457,0.361,0.289,0.467,0.470,0.683,0.242,0.519,0.470,0.519,1.874,0.915,0.507,1.000,0.000,0.000,0.000,,,0.649,0.020,0.271,0.000,0.000,,0.697,0.000,1.755,1.747,0.944,0.902,5.586,0.000,0.340,0.161,0.515,,,0.931,1.592,1.625,,77.248,1.111,10.655,4.758,1.682,1.682,7.503,0.020,0.009,0.000,-0.119,5.013,0.006,,AAPL,03783310
001690,14593,2011-09-30,2012-06-30,2012-08-31,42.728,0.228,8.236,0.552,0.559,0.559,0.559,4.191,11.958,0.000,0.270,0.375,0.356,0.460,0.361,0.289,0.436,0.428,0.626,0.242,0.474,0.428,0.474,1.980,0.928,0.482,1.000,0.000,0.000,0.000,,,0.597,0.021,0.278,0.000,0.000,,0.679,0.000,1.750,1.634,0.944,0.876,5.382,0.000,0.330,0.149,0.493,,,0.880,1.552,1.585,,75.856,1.046,10.579,4.834,1.563,1.563,7.964,0.021,0.009,0.000,-0.089,4.991,0.007,1.59%,AAPL,03783310
001690,14593,2011-09-30,2012-06-30,2012-09-30,42.931,0.228,8.236,0.554,0.560,0.560,0.560,4.210,12.015,0.000,0.270,0.375,0.356,0.460,0.361,0.289,0.436,0.428,0.626,0.242,0.474,0.428,0.474,1.980,0.928,0.482,1.000,0.000,0.000,0.000,,,0.597,0.021,0.278,0.000,0.000,,0.679,0.000,1.750,1.634,0.944,0.876,5.382,0.000,0.330,0.149,0.493,,,0.880,1.552,1.585,,75.856,1.046,10.579,4.834,1.563,1.563,7.964,0.021,0.009,0.000,-0.089,5.015,0.007,1.59%,AAPL,03783310
001690,14593,2011-09-30,2012-06-30,2012-10-31,38.371,0.228,8.236,0.494,0.500,0.500,0.500,3.763,10.739,0.000,0.270,0.375,0.356,0.460,0.361,0.289,0.436,0.428,0.626,0.242,0.474,0.428,0.474,1.980,0.928,0.482,1.000,0.000,0.000,0.000,,,0.597,0.021,0.278,0.000,0.000,,0.679,0.000,1.750,1.634,0.944,0.876,5.382,0.000,0.330,0.149,0.493,,,0.880,1.552,1.585,,75.856,1.046,10.579,4.834,1.563,1.563,7.964,0.021,0.009,0.000,-0.089,4.482,0.006,1.78%,AAPL,03783310
001690,14593,2012-09-30,2012-09-30,2012-11-30,29.058,0.211,10.720,13.111,13.257,13.257,13.257,3.518,10.826,0.060,0.267,0.373,0.353,0.459,0.356,0.288,0.400,0.385,0.567,0.252,0.428,0.492,0.428,1.861,0.878,0.408,1.000,0.000,0.000,0.000,,,0.503,0.014,0.324,0.000,0.000,,0.666,0.000,1.516,1.319,0.879,0.837,3.744,0.000,0.329,0.152,0.489,,,0.756,1.475,1.496,,108.029,1.070,10.294,4.728,1.324,1.324,8.189,0.022,0.006,0.000,-0.062,4.169,0.190,1.81%,AAPL,03783310
001690,14593,2012-09-30,2012-09-30,2012-12-31,26.373,0.211,10.720,11.921,12.054,12.054,12.054,3.193,9.826,0.060,0.267,0.373,0.353,0.459,0.356,0.288,0.400,0.385,0.567,0.252,0.428,0.492,0.428,1.861,0.878,0.408,1.000,0.000,0.000,0.000,,,0.503,0.014,0.324,0.000,0.000,,0.666,0.000,1.516,1.319,0.879,0.837,3.744,0.000,0.329,0.152,0.489,,,0.756,1.475,1.496,,108.029,1.070,10.294,4.728,1.324,1.324,8.189,0.022,0.006,0.000,-0.062,3.784,0.173,1.99%,AAPL,03783310
001690,14593,2012-09-30,2012-09-30,2013-01-31,22.575,0.211,10.720,10.204,10.317,10.317,10.317,2.733,8.411,0.060,0.267,0.373,0.353,0.459,0.356,0.288,0.400,0.385,0.567,0.252,0.428,0.492,0.428,1.861,0.878,0.408,1.000,0.000,0.000,0.000,,,0.503,0.014,0.324,0.000,0.000,,0.666,0.000,1.516,1.319,0.879,0.837,3.744,0.000,0.329,0.152,0.489,,,0.756,1.475,1.496,,108.029,1.070,10.294,4.728,1.324,1.324,8.189,0.022,0.006,0.000,-0.062,3.239,0.148,2.33%,AAPL,03783310
001690,14593,2012-09-30,2012-12-31,2013-02-28,22.539,0.286,9.426,0.354,0.357,0.357,0.357,2.517,7.307,0.119,0.253,0.360,0.335,0.444,0.340,0.279,0.377,0.355,0.522,0.252,0.395,0.355,0.395,1.846,0.855,0.427,1.000,0.000,0.000,0.000,,,0.553,0.019,0.294,0.000,0.000,,0.665,0.000,1.575,1.508,0.879,0.836,4.505,0.000,0.330,0.150,0.492,,,0.831,1.516,1.546,,81.901,0.960,9.646,4.509,1.433,1.433,8.020,0.022,0.006,0.000,-0.091,2.899,0.005,2.40%,AAPL,03783310
001690,14593,2012-09-30,2012-12-31,2013-03-31,22.629,0.286,9.426,0.355,0.358,0.358,0.358,2.527,7.336,0.119,0.253,0.360,0.335,0.444,0.340,0.279,0.377,0.355,0.522,0.252,0.395,0.355,0.395,1.846,0.855,0.427,1.000,0.000,0.000,0.000,,,0.553,0.019,0.294,0.000,0.000,,0.665,0.000,1.575,1.508,0.879,0.836,4.505,0.000,0.330,0.150,0.492,,,0.831,1.516,1.546,,81.901,0.960,9.646,4.509,1.433,1.433,8.020,0.022,0.006,0.000,-0.091,2.910,0.005,2.39%,AAPL,03783310
001690,14593,2012-09-30,2012-12-31,2013-04-30,22.600,0.286,9.426,0.355,0.359,0.359,0.359,2.524,7.326,0.119,0.253,0.360,0.335,0.444,0.340,0.279,0.377,0.355,0.522,0.252,0.395,0.355,0.395,1.846,0.855,0.427,1.000,0.000,0.000,0.000,,,0.553,0.019,0.294,0.000,0.000,,0.665,0.000,1.575,1.508,0.879,0.836,4.505,0.000,0.330,0.150,0.492,,,0.831,1.516,1.546,,81.901,0.960,9.646,4.509,1.433,1.433,8.020,0.022,0.006,0.000,-0.091,2.906,0.005,2.39%,AAPL,03783310
001690,14593,2012-09-30,2013-03-31,2013-05-31,20.944,0.365,9.105,0.380,0.383,0.383,0.383,2.496,7.640,0.188,0.235,0.339,0.309,0.425,0.315,0.265,0.335,0.309,0.455,0.252,0.345,0.309,0.345,1.580,0.739,0.394,1.000,0.000,0.000,0.000,,,0.573,0.019,0.277,0.000,0.000,,0.650,0.000,1.491,1.435,0.879,0.822,4.203,0.000,0.325,0.139,0.481,,,0.881,1.563,1.593,,84.287,0.927,9.968,4.911,1.373,1.373,7.409,0.023,0.006,0.000,-0.088,2.778,0.007,2.71%,AAPL,03783310
001690,14593,2012-09-30,2013-03-31,2013-06-30,17.872,0.365,9.105,0.335,0.338,0.338,0.338,2.130,6.519,0.188,0.235,0.339,0.309,0.425,0.315,0.265,0.335,0.309,0.455,0.252,0.345,0.309,0.345,1.580,0.739,0.394,1.000,0.000,0.000,0.000,,,0.573,0.019,0.277,0.000,0.000,,0.650,0.000,1.491,1.435,0.879,0.822,4.203,0.000,0.325,0.139,0.481,,,0.881,1.563,1.593,,84.287,0.927,9.968,4.911,1.373,1.373,7.409,0.023,0.006,0.000,-0.088,2.370,0.006,3.08%,AAPL,03783310
001690,14593,2012-09-30,2013-03-31,2013-07-31,20.397,0.365,9.105,0.382,0.386,0.386,0.386,2.431,7.440,0.188,0.235,0.339,0.309,0.425,0.315,0.265,0.335,0.309,0.455,0.252,0.345,0.309,0.345,1.580,0.739,0.394,1.000,0.000,0.000,0.000,,,0.573,0.019,0.277,0.000,0.000,,0.650,0.000,1.491,1.435,0.879,0.822,4.203,0.000,0.325,0.139,0.481,,,0.881,1.563,1.593,,84.287,0.927,9.968,4.911,1.373,1.373,7.409,0.023,0.006,0.000,-0.088,2.705,0.007,2.70%,AAPL,03783310
001690,14593,2012-09-30,2013-06-30,2013-08-31,20.292,0.387,8.590,0.430,0.434,0.434,0.434,2.613,8.368,0.272,0.223,0.330,0.295,0.418,0.300,0.258,0.306,0.274,0.405,0.252,0.306,0.274,0.306,1.352,0.662,0.369,0.967,0.033,0.033,0.033,0.013,0.013,0.574,0.020,0.256,0.022,0.076,0.000,0.599,0.065,1.421,1.345,0.879,0.817,4.216,0.030,0.342,0.158,0.520,713.226,941.755,0.958,1.630,1.663,,76.033,0.884,10.111,5.087,1.300,1.343,6.496,0.025,0.006,0.000,-0.081,3.175,0.009,2.50%,AAPL,03783310
001690,14593,2012-09-30,2013-06-30,2013-09-30,19.653,0.387,8.590,0.421,0.425,0.425,0.425,2.531,8.105,0.272,0.223,0.330,0.295,0.418,0.300,0.258,0.306,0.274,0.405,0.252,0.306,0.274,0.306,1.352,0.662,0.369,0.967,0.033,0.033,0.033,0.013,0.013,0.574,0.020,0.256,0.022,0.076,0.000,0.599,0.065,1.421,1.345,0.879,0.817,4.216,0.030,0.342,0.158,0.520,713.226,941.755,0.958,1.630,1.663,,76.033,0.884,10.111,5.087,1.300,1.343,6.496,0.025,0.006,0.000,-0.081,3.075,0.008,2.56%,AAPL,03783310
001690,14593,2012-09-30,2013-06-30,2013-10-31,21.560,0.387,8.590,0.462,0.465,0.465,0.465,2.776,8.891,0.272,0.223,0.330,0.295,0.418,0.300,0.258,0.306,0.274,0.405,0.252,0.306,0.274,0.306,1.352,0.662,0.369,0.967,0.033,0.033,0.033,0.013,0.013,0.574,0.020,0.256,0.022,0.076,0.000,0.599,0.065,1.421,1.345,0.879,0.817,4.216,0.030,0.342,0.158,0.520,713.226,941.755,0.958,1.630,1.663,,76.033,0.884,10.111,5.087,1.300,1.343,6.496,0.025,0.006,0.000,-0.081,3.373,0.009,2.33%,AAPL,03783310
001690,14593,2013-09-30,2013-09-30,2013-11-30,19.707,0.327,7.993,13.891,13.989,13.989,13.989,2.927,9.323,0.288,0.217,0.326,0.287,0.416,0.293,0.256,0.291,0.272,0.379,0.262,0.306,0.281,0.306,1.213,0.601,0.343,0.879,0.121,0.121,0.121,0.016,0.016,0.486,0.024,0.282,0.082,0.304,0.000,0.523,0.203,1.277,1.229,0.643,0.848,5.028,0.121,0.403,0.241,0.675,273.331,360.287,0.929,1.638,1.679,,78.160,0.892,8.690,4.631,1.216,1.383,5.769,0.026,0.006,0.000,-0.087,3.573,0.317,2.19%,AAPL,03783310
001690,14593,2013-09-30,2013-09-30,2013-12-31,19.721,0.327,7.993,14.015,14.114,14.114,14.114,2.929,9.330,0.288,0.217,0.326,0.287,0.416,0.293,0.256,0.291,0.272,0.379,0.262,0.306,0.281,0.306,1.213,0.601,0.343,0.879,0.121,0.121,0.121,0.016,0.016,0.486,0.024,0.282,0.082,0.304,0.000,0.523,0.203,1.277,1.229,0.643,0.848,5.028,0.121,0.403,0.241,0.675,273.331,360.287,0.929,1.638,1.679,,78.160,0.892,8.690,4.631,1.216,1.383,5.769,0.026,0.006,0.000,-0.087,3.575,0.320,2.17%,AAPL,03783310
001690,14593,2013-09-30,2013-09-30,2014-01-31,17.588,0.327,7.993,12.506,12.594,12.594,12.594,2.613,8.321,0.288,0.217,0.326,0.287,0.416,0.293,0.256,0.291,0.272,0.379,0.262,0.306,0.281,0.306,1.213,0.601,0.343,0.879,0.121,0.121,0.121,0.016,0.016,0.486,0.024,0.282,0.082,0.304,0.000,0.523,0.203,1.277,1.229,0.643,0.848,5.028,0.121,0.403,0.241,0.675,273.331,360.287,0.929,1.638,1.679,,78.160,0.892,8.690,4.631,1.216,1.383,5.769,0.026,0.006,0.000,-0.087,3.189,0.286,2.44%,AAPL,03783310
001690,14593,2013-09-30,2013-12-31,2014-02-28,18.776,0.296,7.764,0.463,0.466,0.466,0.466,2.698,8.872,0.293,0.213,0.325,0.283,0.416,0.288,0.255,0.284,0.258,0.362,0.262,0.291,0.245,0.291,1.106,0.578,0.350,0.910,0.090,0.090,0.090,0.017,0.017,0.518,0.024,0.255,0.062,0.225,0.000,0.538,0.162,1.337,1.250,0.643,0.852,4.961,0.088,0.381,0.206,0.615,169.323,223.873,0.963,1.645,1.685,,59.513,0.842,9.583,4.965,1.236,1.359,6.003,0.028,0.006,0.000,-0.078,3.172,0.012,2.32%,AAPL,03783310
001690,14593,2013-09-30,2013-12-31,2014-03-31,18.501,0.296,7.764,0.472,0.475,0.475,0.475,2.658,8.742,0.293,0.213,0.325,0.283,0.416,0.288,0.255,0.284,0.258,0.362,0.262,0.291,0.245,0.291,1.106,0.578,0.350,0.910,0.090,0.090,0.090,0.017,0.017,0.518,0.024,0.255,0.062,0.225,0.000,0.538,0.162,1.337,1.250,0.643,0.852,4.961,0.088,0.381,0.206,0.615,169.323,223.873,0.963,1.645,1.685,,59.513,0.842,9.583,4.965,1.236,1.359,6.003,0.028,0.006,0.000,-0.078,3.125,0.013,2.27%,AAPL,03783310
001690,14593,2013-09-30,2013-12-31,2014-04-30,20.332,0.296,7.764,0.519,0.523,0.523,0.523,2.921,9.607,0.293,0.213,0.325,0.283,0.416,0.288,0.255,0.284,0.258,0.362,0.262,0.291,0.245,0.291,1.106,0.578,0.350,0.910,0.090,0.090,0.090,0.017,0.017,0.518,0.024,0.255,0.062,0.225,0.000,0.538,0.162,1.337,1.250,0.643,0.852,4.961,0.088,0.381,0.206,0.615,169.323,223.873,0.963,1.645,1.685,,59.513,0.842,9.583,4.965,1.236,1.359,6.003,0.028,0.006,0.000,-0.078,3.435,0.014,2.07%,AAPL,03783310
001690,14593,2013-09-30,2014-03-31,2014-05-31,20.513,0.302,7.873,0.537,0.540,0.540,0.540,3.097,10.108,0.292,0.214,0.328,0.286,0.421,0.290,0.257,0.280,0.260,0.357,0.262,0.295,0.241,0.295,1.121,0.577,0.354,0.880,0.120,0.120,0.120,0.018,0.018,0.484,0.025,0.257,0.081,0.293,0.000,0.519,0.199,1.306,1.219,0.643,0.866,5.372,0.120,0.407,0.237,0.687,124.630,164.875,0.934,1.610,1.652,,54.959,0.840,9.375,4.743,1.247,1.417,6.100,0.029,0.006,0.000,-0.079,3.904,0.017,2.08%,AAPL,03783310
001690,14593,2013-09-30,2014-03-31,2014-06-30,20.939,0.302,7.873,0.551,0.555,0.555,0.555,3.162,10.318,0.292,0.214,0.328,0.286,0.421,0.290,0.257,0.280,0.260,0.357,0.262,0.295,0.241,0.295,1.121,0.577,0.354,0.880,0.120,0.120,0.120,0.018,0.018,0.484,0.025,0.257,0.081,0.293,0.000,0.519,0.199,1.306,1.219,0.643,0.866,5.372,0.120,0.407,0.237,0.687,124.630,164.875,0.934,1.610,1.652,,54.959,0.840,9.375,4.743,1.247,1.417,6.100,0.029,0.006,0.000,-0.079,3.985,0.017,2.02%,AAPL,03783310
001690,14593,2013-09-30,2014-03-31,2014-07-31,21.536,0.302,7.873,0.567,0.571,0.571,0.571,3.252,10.612,0.292,0.214,0.328,0.286,0.421,0.290,0.257,0.280,0.260,0.357,0.262,0.295,0.241,0.295,1.121,0.577,0.354,0.880,0.120,0.120,0.120,0.018,0.018,0.484,0.025,0.257,0.081,0.293,0.000,0.519,0.199,1.306,1.219,0.643,0.866,5.372,0.120,0.407,0.237,0.687,124.630,164.875,0.934,1.610,1.652,,54.959,0.840,9.375,4.743,1.247,1.417,6.100,0.029,0.006,0.000,-0.079,4.099,0.018,1.97%,AAPL,03783310
001690,14593,2013-09-30,2014-06-30,2014-08-31,21.790,0.254,8.585,4.102,4.126,4.126,4.126,3.445,10.888,0.287,0.216,0.332,0.288,0.428,0.293,0.260,0.282,0.272,0.364,0.262,0.310,0.245,0.310,1.148,0.577,0.354,0.861,0.139,0.143,0.139,0.018,0.017,0.438,0.025,0.269,0.095,0.346,0.025,0.510,0.218,1.266,1.207,0.643,0.863,5.654,0.140,0.426,0.260,0.741,110.531,145.932,0.859,1.524,1.563,,55.813,0.828,9.077,4.459,1.241,1.441,6.768,0.031,0.006,0.000,-0.084,4.350,,1.83%,AAPL,03783310
001690,14593,2013-09-30,2014-06-30,2014-09-30,20.983,0.254,8.585,4.032,4.056,4.056,4.056,3.318,10.484,0.287,0.216,0.332,0.288,0.428,0.293,0.260,0.282,0.272,0.364,0.262,0.310,0.245,0.310,1.148,0.577,0.354,0.861,0.139,0.143,0.139,0.018,0.017,0.438,0.025,0.269,0.095,0.346,0.025,0.510,0.218,1.266,1.207,0.643,0.863,5.654,0.140,0.426,0.260,0.741,110.531,145.932,0.859,1.524,1.563,,55.813,0.828,9.077,4.459,1.241,1.441,6.768,0.031,0.006,0.000,-0.084,4.189,,1.87%,AAPL,03783310
001690,14593,2013-09-30,2014-06-30,2014-10-31,22.488,0.254,8.585,4.322,4.348,4.348,4.348,3.556,11.236,0.287,0.216,0.332,0.288,0.428,0.293,0.260,0.282,0.272,0.364,0.262,0.310,0.245,0.310,1.148,0.577,0.354,0.861,0.139,0.143,0.139,0.018,0.017,0.438,0.025,0.269,0.095,0.346,0.025,0.510,0.218,1.266,1.207,0.643,0.863,5.654,0.140,0.426,0.260,0.741,110.531,145.932,0.859,1.524,1.563,,55.813,0.828,9.077,4.459,1.241,1.441,6.768,0.031,0.006,0.000,-0.084,4.489,,1.74%,AAPL,03783310
001690,14593,2014-09-30,2014-09-30,2014-11-30,22.043,0.223,10.361,18.325,18.439,18.439,18.439,3.816,11.681,0.284,0.216,0.331,0.287,0.429,0.293,0.260,0.275,0.291,0.365,0.261,0.336,0.254,0.336,1.460,0.587,0.339,0.794,0.206,0.251,0.206,0.017,0.015,0.208,0.031,0.397,0.152,0.584,0.179,0.527,0.241,0.953,0.941,0.496,0.840,5.833,0.220,0.519,0.370,1.078,103.891,136.727,0.395,1.047,1.080,,53.838,0.833,7.639,3.982,1.301,1.639,35.962,0.033,0.007,0.000,-0.092,5.292,0.876,1.58%,AAPL,03783310
001690,14593,2014-09-30,2014-09-30,2014-12-31,20.324,0.223,10.361,17.008,17.113,17.113,17.113,3.518,10.770,0.284,0.216,0.331,0.287,0.429,0.293,0.260,0.275,0.291,0.365,0.261,0.336,0.254,0.336,1.460,0.587,0.339,0.794,0.206,0.251,0.206,0.017,0.015,0.208,0.031,0.397,0.152,0.584,0.179,0.527,0.241,0.953,0.941,0.496,0.840,5.833,0.220,0.519,0.370,1.078,103.891,136.727,0.395,1.047,1.080,,53.838,0.833,7.639,3.982,1.301,1.639,35.962,0.033,0.007,0.000,-0.092,4.879,0.813,1.70%,AAPL,03783310
001690,14593,2014-09-30,2014-09-30,2015-01-31,21.566,0.223,10.361,18.052,18.164,18.164,18.164,3.733,11.428,0.284,0.216,0.331,0.287,0.429,0.293,0.260,0.275,0.291,0.365,0.261,0.336,0.254,0.336,1.460,0.587,0.339,0.794,0.206,0.251,0.206,0.017,0.015,0.208,0.031,0.397,0.152,0.584,0.179,0.527,0.241,0.953,0.941,0.496,0.840,5.833,0.220,0.519,0.370,1.078,103.891,136.727,0.395,1.047,1.080,,53.838,0.833,7.639,3.982,1.301,1.639,35.962,0.033,0.007,0.000,-0.092,5.178,0.863,1.60%,AAPL,03783310
001690,14593,2014-09-30,2014-12-31,2015-02-28,23.765,0.228,8.768,4.299,4.328,4.328,4.328,3.745,10.574,0.251,0.223,0.339,0.297,0.434,0.301,0.264,0.306,0.317,0.407,0.261,0.369,0.275,0.369,1.586,0.666,0.377,0.816,0.184,0.205,0.184,0.016,0.014,0.306,0.027,0.309,0.130,0.442,0.102,0.508,0.241,1.195,1.250,0.496,0.847,6.053,0.192,0.484,0.323,0.938,104.160,137.555,0.604,1.248,1.282,,57.818,0.867,8.894,4.205,1.370,1.679,12.497,0.033,0.007,0.000,-0.115,5.101,,1.46%,AAPL,03783310
001690,14593,2014-09-30,2014-12-31,2015-03-31,23.019,0.228,8.768,4.164,4.192,4.192,4.192,3.627,10.242,0.251,0.223,0.339,0.297,0.434,0.301,0.264,0.306,0.317,0.407,0.261,0.369,0.275,0.369,1.586,0.666,0.377,0.816,0.184,0.205,0.184,0.016,0.014,0.306,0.027,0.309,0.130,0.442,0.102,0.508,0.241,1.195,1.250,0.496,0.847,6.053,0.192,0.484,0.323,0.938,104.160,137.555,0.604,1.248,1.282,,57.818,0.867,8.894,4.205,1.370,1.679,12.497,0.033,0.007,0.000,-0.115,4.941,,1.51%,AAPL,03783310
001690,14593,2014-09-30,2014-12-31,2015-04-30,22.904,0.228,8.768,4.188,4.217,4.217,4.217,3.609,10.191,0.251,0.223,0.339,0.297,0.434,0.301,0.264,0.306,0.317,0.407,0.261,0.369,0.275,0.369,1.586,0.666,0.377,0.816,0.184,0.205,0.184,0.016,0.014,0.306,0.027,0.309,0.130,0.442,0.102,0.508,0.241,1.195,1.250,0.496,0.847,6.053,0.192,0.484,0.323,0.938,104.160,137.555,0.604,1.248,1.282,,57.818,0.867,8.894,4.205,1.370,1.679,12.497,0.033,0.007,0.000,-0.115,4.916,,1.50%,AAPL,03783310
001690,14593,2014-09-30,2015-03-31,2015-05-31,22.520,0.213,9.098,3.996,4.026,4.026,4.026,3.538,9.838,0.235,0.225,0.344,0.302,0.439,0.306,0.268,0.316,0.342,0.430,0.261,0.402,0.290,0.402,1.859,0.703,0.381,0.788,0.212,0.238,0.212,0.016,0.014,0.261,0.029,0.320,0.150,0.502,0.109,0.491,0.265,1.206,1.261,0.496,0.845,6.255,0.228,0.504,0.348,1.016,94.925,125.680,0.531,1.155,1.189,,56.801,0.868,9.205,4.276,1.379,1.750,18.537,0.033,0.007,0.000,-0.120,4.912,,1.60%,AAPL,03783310
001690,14593,2014-09-30,2015-03-31,2015-06-30,21.467,0.213,9.098,3.847,3.876,3.876,3.876,3.373,9.378,0.235,0.225,0.344,0.302,0.439,0.306,0.268,0.316,0.342,0.430,0.261,0.402,0.290,0.402,1.859,0.703,0.381,0.788,0.212,0.238,0.212,0.016,0.014,0.261,0.029,0.320,0.150,0.502,0.109,0.491,0.265,1.206,1.261,0.496,0.845,6.255,0.228,0.504,0.348,1.016,94.925,125.680,0.531,1.155,1.189,,56.801,0.868,9.205,4.276,1.379,1.750,18.537,0.033,0.007,0.000,-0.120,4.682,,1.66%,AAPL,03783310
001690,14593,2014-09-30,2015-03-31,2015-07-31,20.751,0.213,9.098,3.721,3.748,3.748,3.748,3.260,9.065,0.235,0.225,0.344,0.302,0.439,0.306,0.268,0.316,0.342,0.430,0.261,0.402,0.290,0.402,1.859,0.703,0.381,0.788,0.212,0.238,0.212,0.016,0.014,0.261,0.029,0.320,0.150,0.502,0.109,0.491,0.265,1.206,1.261,0.496,0.845,6.255,0.228,0.504,0.348,1.016,94.925,125.680,0.531,1.155,1.189,,56.801,0.868,9.205,4.276,1.379,1.750,18.537,0.033,0.007,0.000,-0.120,4.526,,1.71%,AAPL,03783310
001690,14593,2014-09-30,2015-06-30,2015-08-31,18.237,0.210,9.106,3.229,3.251,3.251,3.251,2.866,7.935,0.225,0.226,0.347,0.302,0.442,0.307,0.271,0.319,0.355,0.429,0.261,0.419,0.292,0.419,2.177,0.740,0.386,0.767,0.233,0.266,0.233,0.016,0.014,0.233,0.030,0.328,0.165,0.546,0.124,0.485,0.277,1.193,1.242,0.496,0.859,6.542,0.256,0.524,0.370,1.100,84.175,111.102,0.480,1.080,1.114,,56.677,0.873,9.419,4.263,1.405,1.833,30.209,0.034,0.007,0.000,-0.121,4.281,,1.84%,AAPL,03783310
001690,14593,2014-09-30,2015-06-30,2015-09-30,17.839,0.210,9.106,3.159,3.181,3.181,3.181,2.804,7.762,0.225,0.226,0.347,0.302,0.442,0.307,0.271,0.319,0.355,0.429,0.261,0.419,0.292,0.419,2.177,0.740,0.386,0.767,0.233,0.266,0.233,0.016,0.014,0.233,0.030,0.328,0.165,0.546,0.124,0.485,0.277,1.193,1.242,0.496,0.859,6.542,0.256,0.524,0.370,1.100,84.175,111.102,0.480,1.080,1.114,,56.677,0.873,9.419,4.263,1.405,1.833,30.209,0.034,0.007,0.000,-0.121,4.187,,1.89%,AAPL,03783310
001690,14593,2014-09-30,2015-06-30,2015-10-31,18.895,0.210,9.106,3.422,3.446,3.446,3.446,2.970,8.221,0.225,0.226,0.347,0.302,0.442,0.307,0.271,0.319,0.355,0.429,0.261,0.419,0.292,0.419,2.177,0.740,0.386,0.767,0.233,0.266,0.233,0.016,0.014,0.233,0.030,0.328,0.165,0.546,0.124,0.485,0.277,1.193,1.242,0.496,0.859,6.542,0.256,0.524,0.370,1.100,84.175,111.102,0.480,1.080,1.114,,56.677,0.873,9.419,4.263,1.405,1.833,30.209,0.034,0.007,0.000,-0.121,4.435,,1.74%,AAPL,03783310
001690,14593,2015-09-30,2015-09-30,2015-11-30,16.690,0.233,8.318,12.748,12.831,12.831,12.831,2.822,8.116,0.218,0.228,0.350,0.305,0.446,0.310,0.277,0.313,0.388,0.431,0.264,0.462,0.337,0.462,2.502,0.709,0.358,0.691,0.309,0.373,0.309,0.018,0.015,0.243,0.026,0.339,0.222,0.789,0.171,0.471,0.312,1.014,1.008,0.475,0.862,7.615,0.373,0.589,0.456,1.434,73.843,97.176,0.516,1.080,1.109,,58.112,0.895,8.120,3.953,1.352,1.958,26.655,0.035,0.008,0.000,-0.107,4.599,0.827,1.76%,AAPL,03783310
001690,14593,2015-09-30,2015-09-30,2015-12-31,14.768,0.233,8.318,11.343,11.416,11.416,11.416,2.497,7.182,0.218,0.228,0.350,0.305,0.446,0.310,0.277,0.313,0.388,0.431,0.264,0.462,0.337,0.462,2.502,0.709,0.358,0.691,0.309,0.373,0.309,0.018,0.015,0.243,0.026,0.339,0.222,0.789,0.171,0.471,0.312,1.014,1.008,0.475,0.862,7.615,0.373,0.589,0.456,1.434,73.843,97.176,0.516,1.080,1.109,,58.112,0.895,8.120,3.953,1.352,1.958,26.655,0.035,0.008,0.000,-0.107,4.069,0.736,1.98%,AAPL,03783310
001690,14593,2015-09-30,2015-09-30,2016-01-31,13.657,0.233,8.318,10.489,10.557,10.557,10.557,2.309,6.641,0.218,0.228,0.350,0.305,0.446,0.310,0.277,0.313,0.388,0.431,0.264,0.462,0.337,0.462,2.502,0.709,0.358,0.691,0.309,0.373,0.309,0.018,0.015,0.243,0.026,0.339,0.222,0.789,0.171,0.471,0.312,1.014,1.008,0.475,0.862,7.615,0.373,0.589,0.456,1.434,73.843,97.176,0.516,1.080,1.109,,58.112,0.895,8.120,3.953,1.352,1.958,26.655,0.035,0.008,0.000,-0.107,3.763,0.680,2.14%,AAPL,03783310
001690,14593,2015-09-30,2015-12-31,2016-02-29,13.717,0.257,8.685,2.569,2.583,2.566,2.566,2.287,7.147,0.218,0.229,0.351,0.301,0.450,0.310,0.279,0.303,0.362,0.405,0.264,0.432,0.285,0.432,2.403,0.714,0.377,0.721,0.279,0.324,0.279,0.018,0.016,0.239,0.030,0.306,0.202,0.686,0.140,0.456,0.315,1.172,1.069,0.475,0.845,7.155,0.326,0.551,0.407,1.226,62.197,80.418,0.525,1.052,1.085,,55.875,0.839,10.080,4.364,1.346,1.867,39.526,0.037,0.008,0.000,-0.077,3.577,,2.15%,AAPL,03783310
001690,14593,2015-09-30,2015-12-31,2016-03-31,15.277,0.257,8.685,2.896,2.911,2.893,2.893,2.547,7.961,0.218,0.229,0.351,0.301,0.450,0.310,0.279,0.303,0.362,0.405,0.264,0.432,0.285,0.432,2.403,0.714,0.377,0.721,0.279,0.324,0.279,0.018,0.016,0.239,0.030,0.306,0.202,0.686,0.140,0.456,0.315,1.172,1.069,0.475,0.845,7.155,0.326,0.551,0.407,1.226,62.197,80.418,0.525,1.052,1.085,,55.875,0.839,10.080,4.364,1.346,1.867,39.526,0.037,0.008,0.000,-0.077,3.984,,1.91%,AAPL,03783310
001690,14593,2015-09-30,2015-12-31,2016-04-30,13.137,0.257,8.685,2.490,2.504,2.488,2.488,2.190,6.845,0.218,0.229,0.351,0.301,0.450,0.310,0.279,0.303,0.362,0.405,0.264,0.432,0.285,0.432,2.403,0.714,0.377,0.721,0.279,0.324,0.279,0.018,0.016,0.239,0.030,0.306,0.202,0.686,0.140,0.456,0.315,1.172,1.069,0.475,0.845,7.155,0.326,0.551,0.407,1.226,62.197,80.418,0.525,1.052,1.085,,55.875,0.839,10.080,4.364,1.346,1.867,39.526,0.037,0.008,0.000,-0.077,3.426,,2.22%,AAPL,03783310
001690,14593,2015-09-30,2016-03-31,2016-05-31,13.459,0.257,8.895,2.780,2.796,2.774,2.774,2.410,8.100,0.235,0.223,0.343,0.292,0.448,0.301,0.275,0.279,0.340,0.364,0.264,0.404,0.262,0.404,2.416,0.679,0.350,0.693,0.307,0.360,0.307,0.019,0.016,0.258,0.028,0.292,0.225,0.839,0.146,0.441,0.339,1.074,0.931,0.475,0.828,7.388,0.374,0.567,0.431,1.307,49.917,64.012,0.585,1.085,1.117,,54.950,0.781,9.588,4.161,1.249,1.802,26.791,0.040,0.008,0.000,-0.059,3.565,,2.28%,AAPL,03783310
001690,14593,2015-09-30,2016-03-31,2016-06-30,12.687,0.257,8.895,2.661,2.676,2.656,2.656,2.271,7.635,0.235,0.223,0.343,0.292,0.448,0.301,0.275,0.279,0.340,0.364,0.264,0.404,0.262,0.404,2.416,0.679,0.350,0.693,0.307,0.360,0.307,0.019,0.016,0.258,0.028,0.292,0.225,0.839,0.146,0.441,0.339,1.074,0.931,0.475,0.828,7.388,0.374,0.567,0.431,1.307,49.917,64.012,0.585,1.085,1.117,,54.950,0.781,9.588,4.161,1.249,1.802,26.791,0.040,0.008,0.000,-0.059,3.361,,2.38%,AAPL,03783310
001690,14593,2015-09-30,2016-03-31,2016-07-31,13.817,0.257,8.895,2.901,2.917,2.895,2.895,2.474,8.316,0.235,0.223,0.343,0.292,0.448,0.301,0.275,0.279,0.340,0.364,0.264,0.404,0.262,0.404,2.416,0.679,0.350,0.693,0.307,0.360,0.307,0.019,0.016,0.258,0.028,0.292,0.225,0.839,0.146,0.441,0.339,1.074,0.931,0.475,0.828,7.388,0.374,0.567,0.431,1.307,49.917,64.012,0.585,1.085,1.117,,54.950,0.781,9.588,4.161,1.249,1.802,26.791,0.040,0.008,0.000,-0.059,3.660,,2.19%,AAPL,03783310
001690,14593,2015-09-30,2016-06-30,2016-08-31,13.661,0.293,8.867,3.095,3.113,3.091,3.091,2.602,9.050,0.252,0.218,0.334,0.284,0.444,0.292,0.268,0.253,0.320,0.326,0.264,0.380,0.239,0.380,2.027,0.603,0.327,0.673,0.327,0.390,0.327,0.020,0.017,0.285,0.026,0.270,0.245,0.995,0.162,0.430,0.355,0.991,0.852,0.475,0.804,7.386,0.410,0.578,0.450,1.367,39.422,50.111,0.664,1.140,1.170,,54.854,0.736,9.368,4.059,1.173,1.742,17.406,0.044,0.008,0.000,-0.052,3.784,,2.15%,AAPL,03783310
001690,14593,2015-09-30,2016-06-30,2016-09-30,14.556,0.293,8.867,3.298,3.317,3.294,3.294,2.772,9.643,0.252,0.218,0.334,0.284,0.444,0.292,0.268,0.253,0.320,0.326,0.264,0.380,0.239,0.380,2.027,0.603,0.327,0.673,0.327,0.390,0.327,0.020,0.017,0.285,0.026,0.270,0.245,0.995,0.162,0.430,0.355,0.991,0.852,0.475,0.804,7.386,0.410,0.578,0.450,1.367,39.422,50.111,0.664,1.140,1.170,,54.854,0.736,9.368,4.059,1.173,1.742,17.406,0.044,0.008,0.000,-0.052,4.031,,2.02%,AAPL,03783310
001690,14593,2015-09-30,2016-06-30,2016-10-31,14.467,0.293,8.867,3.312,3.332,3.308,3.308,2.755,9.584,0.252,0.218,0.334,0.284,0.444,0.292,0.268,0.253,0.320,0.326,0.264,0.380,0.239,0.380,2.027,0.603,0.327,0.673,0.327,0.390,0.327,0.020,0.017,0.285,0.026,0.270,0.245,0.995,0.162,0.430,0.355,0.991,0.852,0.475,0.804,7.386,0.410,0.578,0.450,1.367,39.422,50.111,0.664,1.140,1.170,,54.854,0.736,9.368,4.059,1.173,1.742,17.406,0.044,0.008,0.000,-0.052,4.007,,2.01%,AAPL,03783310
001690,14593,2016-09-30,2016-09-30,2016-11-30,13.556,0.256,9.964,13.332,13.413,13.300,13.300,2.740,8.953,0.267,0.212,0.322,0.277,0.435,0.285,0.261,0.226,0.307,0.298,0.256,0.369,0.239,0.369,1.381,0.484,0.291,0.630,0.370,0.427,0.370,0.023,0.019,0.347,0.020,0.274,0.271,1.256,0.133,0.408,0.390,0.877,0.833,0.340,0.807,7.162,0.489,0.601,0.492,1.508,32.378,40.849,0.850,1.326,1.353,,54.263,0.703,7.213,3.335,1.056,1.677,7.720,0.047,0.000,0.000,-0.066,3.820,0.855,2.06%,AAPL,03783310
001690,14593,2016-09-30,2016-09-30,2016-12-31,14.008,0.256,9.964,13.971,14.056,13.937,13.937,2.831,9.251,0.267,0.212,0.322,0.277,0.435,0.285,0.261,0.226,0.307,0.298,0.256,0.369,0.239,0.369,1.381,0.484,0.291,0.630,0.370,0.427,0.370,0.023,0.019,0.347,0.020,0.274,0.271,1.256,0.133,0.408,0.390,0.877,0.833,0.340,0.807,7.162,0.489,0.601,0.492,1.508,32.378,40.849,0.850,1.326,1.353,,54.263,0.703,7.213,3.335,1.056,1.677,7.720,0.047,0.000,0.000,-0.066,3.947,0.896,1.97%,AAPL,03783310
001690,14593,2016-09-30,2016-09-30,2017-01-31,14.645,0.256,9.964,14.638,14.727,14.603,14.603,2.960,9.672,0.267,0.212,0.322,0.277,0.435,0.285,0.261,0.226,0.307,0.298,0.256,0.369,0.239,0.369,1.381,0.484,0.291,0.630,0.370,0.427,0.370,0.023,0.019,0.347,0.020,0.274,0.271,1.256,0.133,0.408,0.390,0.877,0.833,0.340,0.807,7.162,0.489,0.601,0.492,1.508,32.378,40.849,0.850,1.326,1.353,,54.263,0.703,7.213,3.335,1.056,1.677,7.720,0.047,0.000,0.000,-0.066,4.127,0.939,1.88%,AAPL,03783310
001690,14593,2016-09-30,2016-12-31,2017-02-28,16.541,0.262,9.548,4.077,4.101,4.101,4.101,3.295,10.987,0.272,0.207,0.320,0.271,0.433,0.280,0.256,0.228,0.297,0.286,0.256,0.352,0.214,0.352,1.414,0.512,0.299,0.643,0.357,0.422,0.357,0.024,0.020,0.328,0.023,0.246,0.269,1.216,0.153,0.406,0.385,0.921,0.864,0.340,0.810,7.302,0.465,0.590,0.474,1.441,27.520,34.728,0.808,1.263,1.293,,55.187,0.690,9.075,3.893,1.084,1.685,9.840,0.048,0.000,0.000,-0.065,4.511,,1.66%,AAPL,03783310
001690,14593,2016-09-30,2016-12-31,2017-03-31,17.212,0.262,9.548,4.276,4.301,4.301,4.301,3.429,11.432,0.272,0.207,0.320,0.271,0.433,0.280,0.256,0.228,0.297,0.286,0.256,0.352,0.214,0.352,1.414,0.512,0.299,0.643,0.357,0.422,0.357,0.024,0.020,0.328,0.023,0.246,0.269,1.216,0.153,0.406,0.385,0.921,0.864,0.340,0.810,7.302,0.465,0.590,0.474,1.441,27.520,34.728,0.808,1.263,1.293,,55.187,0.690,9.075,3.893,1.084,1.685,9.840,0.048,0.000,0.000,-0.065,4.694,,1.59%,AAPL,03783310
001690,14593,2016-09-30,2016-12-31,2017-04-30,17.237,0.262,9.548,4.275,4.301,4.301,4.301,3.434,11.449,0.272,0.207,0.320,0.271,0.433,0.280,0.256,0.228,0.297,0.286,0.256,0.352,0.214,0.352,1.414,0.512,0.299,0.643,0.357,0.422,0.357,0.024,0.020,0.328,0.023,0.246,0.269,1.216,0.153,0.406,0.385,0.921,0.864,0.340,0.810,7.302,0.465,0.590,0.474,1.441,27.520,34.728,0.808,1.263,1.293,,55.187,0.690,9.075,3.893,1.084,1.685,9.840,0.048,0.000,0.000,-0.065,4.700,,1.59%,AAPL,03783310
001690,14593,2016-09-30,2017-03-31,2017-05-31,18.182,0.217,10.161,4.436,4.467,4.467,4.467,3.613,12.006,0.271,0.207,0.316,0.269,0.431,0.279,0.255,0.221,0.296,0.277,0.256,0.353,0.210,0.353,1.243,0.481,0.294,0.633,0.367,0.435,0.367,0.025,0.021,0.332,0.024,0.239,0.277,1.284,0.155,0.399,0.392,0.905,0.862,0.340,0.803,7.271,0.482,0.597,0.484,1.480,24.892,30.994,0.833,1.287,1.318,,52.323,0.682,9.098,3.857,1.071,1.692,8.999,0.049,0.000,0.000,-0.064,4.907,,1.65%,AAPL,03783310
001690,14593,2016-09-30,2017-03-31,2017-06-30,16.997,0.217,10.161,4.182,4.211,4.211,4.211,3.377,11.223,0.271,0.207,0.316,0.269,0.431,0.279,0.255,0.221,0.296,0.277,0.256,0.353,0.210,0.353,1.243,0.481,0.294,0.633,0.367,0.435,0.367,0.025,0.021,0.332,0.024,0.239,0.277,1.284,0.155,0.399,0.392,0.905,0.862,0.340,0.803,7.271,0.482,0.597,0.484,1.480,24.892,30.994,0.833,1.287,1.318,,52.323,0.682,9.098,3.857,1.071,1.692,8.999,0.049,0.000,0.000,-0.064,4.587,,1.75%,AAPL,03783310
001690,14593,2016-09-30,2017-03-31,2017-07-31,17.537,0.217,10.161,4.319,4.349,4.349,4.349,3.485,11.580,0.271,0.207,0.316,0.269,0.431,0.279,0.255,0.221,0.296,0.277,0.256,0.353,0.210,0.353,1.243,0.481,0.294,0.633,0.367,0.435,0.367,0.025,0.021,0.332,0.024,0.239,0.277,1.284,0.155,0.399,0.392,0.905,0.862,0.340,0.803,7.271,0.482,0.597,0.484,1.480,24.892,30.994,0.833,1.287,1.318,,52.323,0.682,9.098,3.857,1.071,1.692,8.999,0.049,0.000,0.000,-0.064,4.733,,1.69%,AAPL,03783310
001690,14593,2016-09-30,2017-06-30,2017-08-31,19.195,0.218,10.988,4.628,4.654,4.654,4.654,3.790,13.222,0.270,0.209,0.314,0.268,0.431,0.279,0.254,0.217,0.298,0.273,0.256,0.358,0.210,0.358,1.175,0.469,0.289,0.620,0.380,0.448,0.380,0.026,0.022,0.337,0.026,0.236,0.286,1.358,0.152,0.395,0.402,0.884,0.806,0.340,0.804,7.324,0.506,0.604,0.495,1.528,23.141,28.469,0.854,1.303,1.338,,46.686,0.671,8.894,3.772,1.051,1.696,8.333,0.050,0.000,0.000,-0.053,5.209,0.338,1.54%,AAPL,03783310
001690,14593,2016-09-30,2017-06-30,2017-09-30,17.902,0.218,10.988,4.349,4.373,4.373,4.373,3.535,12.331,0.270,0.209,0.314,0.268,0.431,0.279,0.254,0.217,0.298,0.273,0.256,0.358,0.210,0.358,1.175,0.469,0.289,0.620,0.380,0.448,0.380,0.026,0.022,0.337,0.026,0.236,0.286,1.358,0.152,0.395,0.402,0.884,0.806,0.340,0.804,7.324,0.506,0.604,0.495,1.528,23.141,28.469,0.854,1.303,1.338,,46.686,0.671,8.894,3.772,1.051,1.696,8.333,0.050,0.000,0.000,-0.053,4.858,0.318,1.64%,AAPL,03783310
001690,14593,2016-09-30,2017-06-30,2017-10-31,19.666,0.218,10.988,4.770,4.797,4.797,4.797,3.883,13.547,0.270,0.209,0.314,0.268,0.431,0.279,0.254,0.217,0.298,0.273,0.256,0.358,0.210,0.358,1.175,0.469,0.289,0.620,0.380,0.448,0.380,0.026,0.022,0.337,0.026,0.236,0.286,1.358,0.152,0.395,0.402,0.884,0.806,0.340,0.804,7.324,0.506,0.604,0.495,1.528,23.141,28.469,0.854,1.303,1.338,,46.686,0.671,8.894,3.772,1.051,1.696,8.333,0.050,0.000,0.000,-0.053,5.337,0.349,1.49%,AAPL,03783310
001690,14593,2017-09-30,2017-09-30,2017-11-30,19.697,0.210,12.803,18.538,18.659,18.659,18.659,3.849,13.874,0.265,0.211,0.309,0.268,0.426,0.280,0.255,0.203,0.302,0.264,0.246,0.369,0.221,0.369,1.053,0.414,0.260,0.580,0.420,0.500,0.420,0.027,0.023,0.307,0.038,0.277,0.308,1.635,0.160,0.418,0.403,0.702,0.631,0.264,0.804,7.142,0.587,0.643,0.551,1.800,21.814,26.407,0.736,1.228,1.276,,37.684,0.658,7.056,3.112,0.991,1.710,8.237,0.051,0.000,0.000,-0.044,5.330,1.275,1.47%,AAPL,03783310
001690,14593,2017-09-30,2017-09-30,2017-12-31,19.218,0.210,12.803,18.256,18.375,18.375,18.375,3.755,13.536,0.265,0.211,0.309,0.268,0.426,0.280,0.255,0.203,0.302,0.264,0.246,0.369,0.221,0.369,1.053,0.414,0.260,0.580,0.420,0.500,0.420,0.027,0.023,0.307,0.038,0.277,0.308,1.635,0.160,0.418,0.403,0.702,0.631,0.264,0.804,7.142,0.587,0.643,0.551,1.800,21.814,26.407,0.736,1.228,1.276,,37.684,0.658,7.056,3.112,0.991,1.710,8.237,0.051,0.000,0.000,-0.044,5.200,1.255,1.49%,AAPL,03783310
001690,14593,2017-09-30,2017-09-30,2018-01-31,18.965,0.210,12.803,18.061,18.179,18.179,18.179,3.706,13.358,0.265,0.211,0.309,0.268,0.426,0.280,0.255,0.203,0.302,0.264,0.246,0.369,0.221,0.369,1.053,0.414,0.260,0.580,0.420,0.500,0.420,0.027,0.023,0.307,0.038,0.277,0.308,1.635,0.160,0.418,0.403,0.702,0.631,0.264,0.804,7.142,0.587,0.643,0.551,1.800,21.814,26.407,0.736,1.228,1.276,,37.684,0.658,7.056,3.112,0.991,1.710,8.237,0.051,0.000,0.000,-0.044,5.132,1.242,1.51%,AAPL,03783310
001690,14593,2017-09-30,2017-12-31,2018-02-28,20.128,0.164,12.091,4.323,4.353,4.577,4.577,3.779,13.940,0.257,0.211,0.310,0.269,0.426,0.280,0.253,0.214,0.311,0.273,0.246,0.379,0.213,0.379,1.148,0.456,0.279,0.590,0.410,0.486,0.410,0.027,0.023,0.320,0.031,0.266,0.304,1.500,0.156,0.403,0.408,0.799,0.699,0.264,0.816,7.433,0.595,0.630,0.533,1.703,20.955,25.379,0.795,1.271,1.313,,35.831,0.654,7.370,3.224,1.044,1.769,8.242,0.051,0.000,0.000,-0.040,6.421,0.427,1.41%,AAPL,03783310
001690,14593,2017-09-30,2017-12-31,2018-03-31,18.471,0.164,12.091,4.072,4.100,4.311,4.311,3.468,12.792,0.257,0.211,0.310,0.269,0.426,0.280,0.253,0.214,0.311,0.273,0.246,0.379,0.213,0.379,1.148,0.456,0.279,0.590,0.410,0.486,0.410,0.027,0.023,0.320,0.031,0.266,0.304,1.500,0.156,0.403,0.408,0.799,0.699,0.264,0.816,7.433,0.595,0.630,0.533,1.703,20.955,25.379,0.795,1.271,1.313,,35.831,0.654,7.370,3.224,1.044,1.769,8.242,0.051,0.000,0.000,-0.040,5.893,0.403,1.50%,AAPL,03783310
001690,14593,2017-09-30,2017-12-31,2018-04-30,18.090,0.164,12.091,4.011,4.039,4.246,4.246,3.396,12.528,0.257,0.211,0.310,0.269,0.426,0.280,0.253,0.214,0.311,0.273,0.246,0.379,0.213,0.379,1.148,0.456,0.279,0.590,0.410,0.486,0.410,0.027,0.023,0.320,0.031,0.266,0.304,1.500,0.156,0.403,0.408,0.799,0.699,0.264,0.816,7.433,0.595,0.630,0.533,1.703,20.955,25.379,0.795,1.271,1.313,,35.831,0.654,7.370,3.224,1.044,1.769,8.242,0.051,0.000,0.000,-0.040,5.771,0.397,1.52%,AAPL,03783310
001690,14593,2017-09-30,2018-03-31,2018-05-31,20.150,0.154,12.085,4.263,4.294,4.505,4.505,3.712,13.619,0.247,0.215,0.309,0.267,0.425,0.277,0.257,0.209,0.338,0.268,0.246,0.394,0.223,0.394,1.101,0.432,0.281,0.576,0.424,0.506,0.424,0.028,0.024,0.329,0.039,0.255,0.313,1.533,0.162,0.403,0.408,0.789,0.697,0.264,0.805,7.292,0.658,0.643,0.548,1.802,20.083,23.642,0.816,1.279,1.331,,28.349,0.662,7.520,3.301,1.069,1.855,7.722,0.051,0.000,0.000,-0.039,7.208,0.491,1.56%,AAPL,03783310
001690,14593,2017-09-30,2018-03-31,2018-06-30,19.667,0.154,12.085,4.222,4.253,4.463,4.463,3.623,13.292,0.247,0.215,0.309,0.267,0.425,0.277,0.257,0.209,0.338,0.268,0.246,0.394,0.223,0.394,1.101,0.432,0.281,0.576,0.424,0.506,0.424,0.028,0.024,0.329,0.039,0.255,0.313,1.533,0.162,0.403,0.408,0.789,0.697,0.264,0.805,7.292,0.658,0.643,0.548,1.802,20.083,23.642,0.816,1.279,1.331,,28.349,0.662,7.520,3.301,1.069,1.855,7.722,0.051,0.000,0.000,-0.039,7.035,0.486,1.58%,AAPL,03783310
001690,14593,2017-09-30,2018-03-31,2018-07-31,20.163,0.154,12.085,4.341,4.372,4.588,4.588,3.715,13.628,0.247,0.215,0.309,0.267,0.425,0.277,0.257,0.209,0.338,0.268,0.246,0.394,0.223,0.394,1.101,0.432,0.281,0.576,0.424,0.506,0.424,0.028,0.024,0.329,0.039,0.255,0.313,1.533,0.162,0.403,0.408,0.789,0.697,0.264,0.805,7.292,0.658,0.643,0.548,1.802,20.083,23.642,0.816,1.279,1.331,,28.349,0.662,7.520,3.301,1.069,1.855,7.722,0.051,0.000,0.000,-0.039,7.213,0.500,1.53%,AAPL,03783310
001690,14593,2017-09-30,2018-06-30,2018-08-31,23.643,0.129,12.294,5.041,5.081,5.145,5.145,4.311,14.945,0.240,0.220,0.307,0.265,0.424,0.276,0.262,0.210,0.376,0.270,0.246,0.421,0.239,0.421,1.041,0.418,0.288,0.564,0.436,0.518,0.436,0.030,0.026,0.316,0.044,0.261,0.317,1.515,0.158,0.401,0.407,0.794,0.746,0.264,0.808,6.987,0.728,0.656,0.561,1.904,19.473,22.273,0.786,1.256,1.314,,25.698,0.681,7.537,3.241,1.114,1.977,8.240,0.053,0.000,0.000,-0.047,9.532,0.568,1.28%,AAPL,03783310
001690,14593,2017-09-30,2018-06-30,2018-09-30,23.083,0.129,12.294,4.999,5.039,5.103,5.103,4.209,14.591,0.240,0.220,0.307,0.265,0.424,0.276,0.262,0.210,0.376,0.270,0.246,0.421,0.239,0.421,1.041,0.418,0.288,0.564,0.436,0.518,0.436,0.030,0.026,0.316,0.044,0.261,0.317,1.515,0.158,0.401,0.407,0.794,0.746,0.264,0.808,6.987,0.728,0.656,0.561,1.904,19.473,22.273,0.786,1.256,1.314,,25.698,0.681,7.537,3.241,1.114,1.977,8.240,0.053,0.000,0.000,-0.047,9.306,0.563,1.29%,AAPL,03783310
001690,14593,2017-09-30,2018-06-30,2018-10-31,22.334,0.129,12.294,4.846,4.885,4.947,4.947,4.072,14.117,0.240,0.220,0.307,0.265,0.424,0.276,0.262,0.210,0.376,0.270,0.246,0.421,0.239,0.421,1.041,0.418,0.288,0.564,0.436,0.518,0.436,0.030,0.026,0.316,0.044,0.261,0.317,1.515,0.158,0.401,0.407,0.794,0.746,0.264,0.808,6.987,0.728,0.656,0.561,1.904,19.473,22.273,0.786,1.256,1.314,,25.698,0.681,7.537,3.241,1.114,1.977,8.240,0.053,0.000,0.000,-0.047,9.004,0.546,1.33%,AAPL,03783310
001690,14593,2018-09-30,2018-09-30,2018-11-30,17.191,0.100,14.855,14.542,14.674,14.994,14.994,3.194,10.944,0.231,0.224,0.301,0.266,0.418,0.275,0.265,0.216,0.436,0.300,0.183,0.494,0.239,0.494,1.204,0.422,0.303,0.533,0.467,0.570,0.467,0.034,0.028,0.256,0.030,0.373,0.313,1.432,0.181,0.452,0.363,0.684,0.663,0.299,0.828,6.260,0.871,0.707,0.614,2.413,19.374,21.809,0.567,1.090,1.124,,35.060,0.716,6.268,2.927,1.321,2.477,18.335,0.054,0.000,0.000,-0.048,7.878,1.486,1.64%,AAPL,03783310
001690,14593,2018-09-30,2018-09-30,2018-12-31,15.135,0.100,14.855,12.845,12.961,13.244,13.244,2.812,9.635,0.231,0.224,0.301,0.266,0.418,0.275,0.265,0.216,0.436,0.300,0.183,0.494,0.239,0.494,1.204,0.422,0.303,0.533,0.467,0.570,0.467,0.034,0.028,0.256,0.030,0.373,0.313,1.432,0.181,0.452,0.363,0.684,0.663,0.299,0.828,6.260,0.871,0.707,0.614,2.413,19.374,21.809,0.567,1.090,1.124,,35.060,0.716,6.268,2.927,1.321,2.477,18.335,0.054,0.000,0.000,-0.048,6.936,1.312,1.85%,AAPL,03783310
001690,14593,2018-09-30,2018-09-30,2019-01-31,15.921,0.100,14.855,13.554,13.676,13.975,13.975,2.958,10.135,0.231,0.224,0.301,0.266,0.418,0.275,0.265,0.216,0.436,0.300,0.183,0.494,0.239,0.494,1.204,0.422,0.303,0.533,0.467,0.570,0.467,0.034,0.028,0.256,0.030,0.373,0.313,1.432,0.181,0.452,0.363,0.684,0.663,0.299,0.828,6.260,0.871,0.707,0.614,2.413,19.374,21.809,0.567,1.090,1.124,,35.060,0.716,6.268,2.927,1.321,2.477,18.335,0.054,0.000,0.000,-0.048,7.296,1.385,1.75%,AAPL,03783310
001690,14593,2018-09-30,2018-12-31,2019-02-28,16.749,0.158,12.647,3.604,3.635,3.560,3.560,3.124,10.767,0.235,0.227,0.303,0.259,0.426,0.267,0.272,0.213,0.484,0.281,0.183,0.486,0.283,0.486,1.048,0.405,0.306,0.548,0.452,0.546,0.452,0.035,0.029,0.315,0.044,0.260,0.320,1.468,0.173,0.407,0.389,0.787,0.753,0.299,0.817,6.420,0.823,0.679,0.578,2.119,18.500,19.945,0.773,1.229,1.285,,26.635,0.718,7.759,3.484,1.227,2.239,9.094,0.056,0.000,0.000,-0.044,6.925,0.354,1.69%,AAPL,03783310
001690,14593,2018-09-30,2018-12-31,2019-03-31,18.374,0.158,12.647,3.954,3.987,3.905,3.905,3.427,11.811,0.235,0.227,0.303,0.259,0.426,0.267,0.272,0.213,0.484,0.281,0.183,0.486,0.283,0.486,1.048,0.405,0.306,0.548,0.452,0.546,0.452,0.035,0.029,0.315,0.044,0.260,0.320,1.468,0.173,0.407,0.389,0.787,0.753,0.299,0.817,6.420,0.823,0.679,0.578,2.119,18.500,19.945,0.773,1.229,1.285,,26.635,0.718,7.759,3.484,1.227,2.239,9.094,0.056,0.000,0.000,-0.044,7.597,0.389,1.54%,AAPL,03783310
001690,14593,2018-09-30,2018-12-31,2019-04-30,18.941,0.158,12.647,4.177,4.212,4.126,4.126,3.532,12.176,0.235,0.227,0.303,0.259,0.426,0.267,0.272,0.213,0.484,0.281,0.183,0.486,0.283,0.486,1.048,0.405,0.306,0.548,0.452,0.546,0.452,0.035,0.029,0.315,0.044,0.260,0.320,1.468,0.173,0.407,0.389,0.787,0.753,0.299,0.817,6.420,0.823,0.679,0.578,2.119,18.500,19.945,0.773,1.229,1.285,,26.635,0.718,7.759,3.484,1.227,2.239,9.094,0.056,0.000,0.000,-0.044,7.832,0.411,1.46%,AAPL,03783310
001690,14593,2018-09-30,2019-03-31,2019-05-31,16.201,0.121,13.123,3.728,3.754,3.675,3.675,3.119,11.210,0.248,0.221,0.299,0.253,0.426,0.261,0.267,0.212,0.488,0.280,0.183,0.490,0.285,0.490,0.970,0.388,0.307,0.544,0.456,0.557,0.456,0.039,0.032,0.308,0.039,0.271,0.319,1.480,0.181,0.414,0.380,0.757,0.705,0.299,0.833,6.242,0.837,0.688,0.584,2.209,16.819,18.056,0.746,1.206,1.255,,30.010,0.722,7.452,3.442,1.260,2.317,9.952,0.059,0.000,0.000,-0.041,7.609,0.354,1.76%,AAPL,03783310
001690,14593,2018-09-30,2019-03-31,2019-06-30,18.038,0.121,13.123,4.215,4.244,4.154,4.154,3.473,12.481,0.248,0.221,0.299,0.253,0.426,0.261,0.267,0.212,0.488,0.280,0.183,0.490,0.285,0.490,0.970,0.388,0.307,0.544,0.456,0.557,0.456,0.039,0.032,0.308,0.039,0.271,0.319,1.480,0.181,0.414,0.380,0.757,0.705,0.299,0.833,6.242,0.837,0.688,0.584,2.209,16.819,18.056,0.746,1.206,1.255,,30.010,0.722,7.452,3.442,1.260,2.317,9.952,0.059,0.000,0.000,-0.041,8.472,0.400,1.56%,AAPL,03783310
001690,14593,2018-09-30,2019-03-31,2019-07-31,19.364,0.121,13.123,4.537,4.568,4.472,4.472,3.728,13.399,0.248,0.221,0.299,0.253,0.426,0.261,0.267,0.212,0.488,0.280,0.183,0.490,0.285,0.490,0.970,0.388,0.307,0.544,0.456,0.557,0.456,0.039,0.032,0.308,0.039,0.271,0.319,1.480,0.181,0.414,0.380,0.757,0.705,0.299,0.833,6.242,0.837,0.688,0.584,2.209,16.819,18.056,0.746,1.206,1.255,,30.010,0.722,7.452,3.442,1.260,2.317,9.952,0.059,0.000,0.000,-0.041,9.095,0.431,1.45%,AAPL,03783310
001690,14593,2018-09-30,2019-06-30,2019-08-31,18.651,0.108,13.201,4.352,4.385,4.434,4.434,3.642,13.671,0.254,0.215,0.296,0.249,0.426,0.255,0.262,0.214,0.499,0.286,0.183,0.500,0.289,0.500,0.985,0.385,0.314,0.541,0.459,0.571,0.459,0.040,0.032,0.336,0.032,0.262,0.321,1.471,0.196,0.419,0.371,0.749,0.675,0.299,0.844,6.207,0.846,0.696,0.588,2.285,16.326,17.728,0.802,1.256,1.298,,34.627,0.738,7.469,3.660,1.313,2.425,8.503,0.061,0.000,0.000,-0.038,9.780,0.384,1.48%,AAPL,03783310
001690,14593,2018-09-30,2019-06-30,2019-09-30,19.676,0.108,13.201,4.670,4.705,4.757,4.757,3.842,14.422,0.254,0.215,0.296,0.249,0.426,0.255,0.262,0.214,0.499,0.286,0.183,0.500,0.289,0.500,0.985,0.385,0.314,0.541,0.459,0.571,0.459,0.040,0.032,0.336,0.032,0.262,0.321,1.471,0.196,0.419,0.371,0.749,0.675,0.299,0.844,6.207,0.846,0.696,0.588,2.285,16.326,17.728,0.802,1.256,1.298,,34.627,0.738,7.469,3.660,1.313,2.425,8.503,0.061,0.000,0.000,-0.038,10.317,0.412,1.38%,AAPL,03783310
001690,14593,2018-09-30,2019-06-30,2019-10-31,21.854,0.108,13.201,5.187,5.226,5.284,5.284,4.267,16.018,0.254,0.215,0.296,0.249,0.426,0.255,0.262,0.214,0.499,0.286,0.183,0.500,0.289,0.500,0.985,0.385,0.314,0.541,0.459,0.571,0.459,0.040,0.032,0.336,0.032,0.262,0.321,1.471,0.196,0.419,0.371,0.749,0.675,0.299,0.844,6.207,0.846,0.696,0.588,2.285,16.326,17.728,0.802,1.256,1.298,,34.627,0.738,7.469,3.660,1.313,2.425,8.503,0.061,0.000,0.000,-0.038,11.459,0.458,1.24%,AAPL,03783310
001690,14593,2019-09-30,2019-09-30,2019-11-30,22.643,0.097,14.664,22.327,22.477,22.477,22.477,4.564,17.113,0.256,0.212,0.289,0.246,0.422,0.253,0.261,0.214,0.541,0.304,0.159,0.559,0.292,0.559,0.851,0.343,0.324,0.496,0.504,0.593,0.504,0.039,0.032,0.406,0.025,0.281,0.319,1.436,0.150,0.426,0.370,0.712,0.656,0.280,0.849,6.636,0.950,0.733,0.630,2.741,16.452,17.878,0.951,1.501,1.540,,37.331,0.739,5.489,2.950,1.427,2.875,4.556,0.062,0.000,0.000,-0.040,12.281,1.687,1.15%,AAPL,03783310
001690,14593,2019-09-30,2019-09-30,2019-12-31,24.553,0.097,14.664,24.532,24.697,24.697,24.697,4.949,18.556,0.256,0.212,0.289,0.246,0.422,0.253,0.261,0.214,0.541,0.304,0.159,0.559,0.292,0.559,0.851,0.343,0.324,0.496,0.504,0.593,0.504,0.039,0.032,0.406,0.025,0.281,0.319,1.436,0.150,0.426,0.370,0.712,0.656,0.280,0.849,6.636,0.950,0.733,0.630,2.741,16.452,17.878,0.951,1.501,1.540,,37.331,0.739,5.489,2.950,1.427,2.875,4.556,0.062,0.000,0.000,-0.040,13.318,1.853,1.05%,AAPL,03783310
001690,14593,2019-09-30,2019-09-30,2020-01-31,25.823,0.097,14.664,25.857,26.031,26.031,26.031,5.205,19.516,0.256,0.212,0.289,0.246,0.422,0.253,0.261,0.214,0.541,0.304,0.159,0.559,0.292,0.559,0.851,0.343,0.324,0.496,0.504,0.593,0.504,0.039,0.032,0.406,0.025,0.281,0.319,1.436,0.150,0.426,0.370,0.712,0.656,0.280,0.849,6.636,0.950,0.733,0.630,2.741,16.452,17.878,0.951,1.501,1.540,,37.331,0.739,5.489,2.950,1.427,2.875,4.556,0.062,0.000,0.000,-0.040,14.006,1.953,.995%,AAPL,03783310
001690,14593,2019-09-30,2019-12-31,2020-02-29,22.994,0.070,14.403,5.356,5.398,5.398,5.398,4.468,16.336,0.245,0.215,0.292,0.247,0.424,0.253,0.260,0.227,0.552,0.310,0.159,0.560,0.314,0.560,0.833,0.370,0.338,0.510,0.490,0.595,0.490,0.038,0.031,0.398,0.028,0.237,0.332,1.427,0.176,0.407,0.382,0.798,0.748,0.280,0.874,6.080,0.945,0.715,0.609,2.514,17.574,19.059,0.978,1.451,1.493,,37.498,0.797,7.731,4.062,1.428,2.801,5.547,0.063,0.000,0.000,-0.046,13.359,0.355,1.13%,AAPL,03783310
001690,14593,2019-09-30,2019-12-31,2020-03-31,21.138,0.070,14.403,4.982,5.022,5.022,5.022,4.108,15.018,0.245,0.215,0.292,0.247,0.424,0.253,0.260,0.227,0.552,0.310,0.159,0.560,0.314,0.560,0.833,0.370,0.338,0.510,0.490,0.595,0.490,0.038,0.031,0.398,0.028,0.237,0.332,1.427,0.176,0.407,0.382,0.798,0.748,0.280,0.874,6.080,0.945,0.715,0.609,2.514,17.574,19.059,0.978,1.451,1.493,,37.498,0.797,7.731,4.062,1.428,2.801,5.547,0.063,0.000,0.000,-0.046,12.281,0.330,1.21%,AAPL,03783310
001690,14593,2019-09-30,2019-12-31,2020-04-30,24.481,0.070,14.403,5.756,5.802,5.802,5.802,4.757,17.393,0.245,0.215,0.292,0.247,0.424,0.253,0.260,0.227,0.552,0.310,0.159,0.560,0.314,0.560,0.833,0.370,0.338,0.510,0.490,0.595,0.490,0.038,0.031,0.398,0.028,0.237,0.332,1.427,0.176,0.407,0.382,0.798,0.748,0.280,0.874,6.080,0.945,0.715,0.609,2.514,17.574,19.059,0.978,1.451,1.493,,37.498,0.797,7.731,4.062,1.428,2.801,5.547,0.063,0.000,0.000,-0.046,14.223,0.382,1.05%,AAPL,03783310
001690,14593,2019-09-30,2020-03-31,2020-05-31,26.255,0.071,15.300,6.171,6.224,6.224,6.224,5.142,18.283,0.245,0.214,0.288,0.245,0.425,0.250,0.257,0.230,0.589,0.317,0.159,0.599,0.320,0.599,0.747,0.353,0.345,0.487,0.513,0.620,0.513,0.034,0.028,0.411,0.025,0.236,0.342,1.462,0.172,0.407,0.387,0.785,0.766,0.280,0.884,5.921,1.036,0.731,0.630,2.724,18.780,20.383,1.011,1.498,1.536,,41.402,0.811,7.501,3.992,1.470,3.020,5.078,0.065,0.000,0.000,-0.055,17.572,0.431,1.03%,AAPL,03783310
001690,14593,2019-09-30,2020-03-31,2020-06-30,29.774,0.071,15.300,7.081,7.142,7.142,7.142,5.832,20.734,0.245,0.214,0.288,0.245,0.425,0.250,0.257,0.230,0.589,0.317,0.159,0.599,0.320,0.599,0.747,0.353,0.345,0.487,0.513,0.620,0.513,0.034,0.028,0.411,0.025,0.236,0.342,1.462,0.172,0.407,0.387,0.785,0.766,0.280,0.884,5.921,1.036,0.731,0.630,2.724,18.780,20.383,1.011,1.498,1.536,,41.402,0.811,7.501,3.992,1.470,3.020,5.078,0.065,0.000,0.000,-0.055,19.927,0.494,.899%,AAPL,03783310
001690,14593,2019-09-30,2020-03-31,2020-07-31,34.623,0.071,15.300,8.250,8.321,8.321,8.321,6.782,24.111,0.245,0.214,0.288,0.245,0.425,0.250,0.257,0.230,0.589,0.317,0.159,0.599,0.320,0.599,0.747,0.353,0.345,0.487,0.513,0.620,0.513,0.034,0.028,0.411,0.025,0.236,0.342,1.462,0.172,0.407,0.387,0.785,0.766,0.280,0.884,5.921,1.036,0.731,0.630,2.724,18.780,20.383,1.011,1.498,1.536,,41.402,0.811,7.501,3.992,1.470,3.020,5.078,0.065,0.000,0.000,-0.055,23.173,0.576,.772%,AAPL,03783310
001690,14593,2019-09-30,2020-06-30,2020-08-31,41.740,0.046,17.195,9.702,9.783,9.783,9.783,8.059,27.584,0.240,0.213,0.287,0.245,0.424,0.249,0.255,0.238,0.647,0.333,0.159,0.658,0.334,0.658,0.717,0.350,0.353,0.458,0.542,0.645,0.542,0.031,0.026,0.402,0.025,0.243,0.354,1.480,0.160,0.405,0.397,0.788,0.802,0.280,0.896,5.818,1.162,0.749,0.654,2.982,20.162,22.020,0.992,1.489,1.527,,40.669,0.832,7.377,3.982,1.517,3.312,5.202,0.065,0.000,0.000,-0.066,30.532,0.667,.635%,AAPL,03783310
001690,14593,2019-09-30,2020-06-30,2020-09-30,37.185,0.046,17.195,8.708,8.780,8.780,8.780,7.179,24.574,0.240,0.213,0.287,0.245,0.424,0.249,0.255,0.238,0.647,0.333,0.159,0.658,0.334,0.658,0.717,0.350,0.353,0.458,0.542,0.645,0.542,0.031,0.026,0.402,0.025,0.243,0.354,1.480,0.160,0.405,0.397,0.788,0.802,0.280,0.896,5.818,1.162,0.749,0.654,2.982,20.162,22.020,0.992,1.489,1.527,,40.669,0.832,7.377,3.982,1.517,3.312,5.202,0.065,0.000,0.000,-0.066,27.200,0.598,.708%,AAPL,03783310
001690,14593,2019-09-30,2020-06-30,2020-10-31,35.005,0.046,17.195,8.185,8.253,8.253,8.253,6.758,23.133,0.240,0.213,0.287,0.245,0.424,0.249,0.255,0.238,0.647,0.333,0.159,0.658,0.334,0.658,0.717,0.350,0.353,0.458,0.542,0.645,0.542,0.031,0.026,0.402,0.025,0.243,0.354,1.480,0.160,0.405,0.397,0.788,0.802,0.280,0.896,5.818,1.162,0.749,0.654,2.982,20.162,22.020,0.992,1.489,1.527,,40.669,0.832,7.377,3.982,1.517,3.312,5.202,0.065,0.000,0.000,-0.066,25.605,0.562,.753%,AAPL,03783310
001690,14593,2020-09-30,2020-09-30,2020-11-30,38.013,0.035,27.483,35.967,36.296,36.296,36.296,7.373,25.089,0.245,0.209,0.277,0.241,0.418,0.244,0.249,0.229,0.697,0.343,0.144,0.737,0.320,0.737,0.744,0.341,0.354,0.379,0.621,0.709,0.621,0.029,0.025,0.352,0.028,0.261,0.378,1.609,0.125,0.408,0.414,0.721,0.765,0.312,0.909,5.703,1.571,0.798,0.716,3.957,20.983,23.073,0.863,1.325,1.364,,39.148,0.829,6.595,3.610,1.592,4.201,7.164,0.068,0.000,0.000,-0.070,29.705,2.757,.689%,AAPL,03783310
001690,14593,2020-09-30,2020-09-30,2020-12-31,41.923,0.035,27.483,40.088,40.454,40.454,40.454,8.132,27.670,0.245,0.209,0.277,0.241,0.418,0.244,0.249,0.229,0.697,0.343,0.144,0.737,0.320,0.737,0.744,0.341,0.354,0.379,0.621,0.709,0.621,0.029,0.025,0.352,0.028,0.261,0.378,1.609,0.125,0.408,0.414,0.721,0.765,0.312,0.909,5.703,1.571,0.798,0.716,3.957,20.983,23.073,0.863,1.325,1.364,,39.148,0.829,6.595,3.610,1.592,4.201,7.164,0.068,0.000,0.000,-0.070,32.761,3.073,.618%,AAPL,03783310
001690,14593,2020-09-30,2020-09-30,2021-01-31,41.605,0.035,27.483,39.867,40.232,40.232,40.232,8.070,27.461,0.245,0.209,0.277,0.241,0.418,0.244,0.249,0.229,0.697,0.343,0.144,0.737,0.320,0.737,0.744,0.341,0.354,0.379,0.621,0.709,0.621,0.029,0.025,0.352,0.028,0.261,0.378,1.609,0.125,0.408,0.414,0.721,0.765,0.312,0.909,5.703,1.571,0.798,0.716,3.957,20.983,23.073,0.863,1.325,1.364,,39.148,0.829,6.595,3.610,1.592,4.201,7.164,0.068,0.000,0.000,-0.070,32.512,3.056,.621%,AAPL,03783310
001690,14593,2020-09-30,2020-12-31,2021-02-28,37.992,0.030,21.536,32.444,32.840,32.840,32.840,6.921,22.894,0.221,0.217,0.290,0.252,0.425,0.254,0.254,0.262,0.829,0.378,0.144,0.837,0.373,0.837,0.804,0.387,0.380,0.410,0.590,0.691,0.590,0.027,0.023,0.344,0.028,0.273,0.361,1.395,0.147,0.415,0.392,0.793,0.828,0.312,0.902,6.040,1.423,0.785,0.697,3.661,24.452,27.239,0.829,1.317,1.355,,41.395,0.894,7.408,3.911,1.710,4.168,7.724,0.066,0.000,0.000,-0.075,30.740,,.676%,AAPL,03783310
001690,14593,2020-09-30,2020-12-31,2021-03-31,38.039,0.030,21.536,32.682,33.081,33.081,33.081,6.930,22.922,0.221,0.217,0.290,0.252,0.425,0.254,0.254,0.262,0.829,0.378,0.144,0.837,0.373,0.837,0.804,0.387,0.380,0.410,0.590,0.691,0.590,0.027,0.023,0.344,0.028,0.273,0.361,1.395,0.147,0.415,0.392,0.793,0.828,0.312,0.902,6.040,1.423,0.785,0.697,3.661,24.452,27.239,0.829,1.317,1.355,,41.395,0.894,7.408,3.911,1.710,4.168,7.724,0.066,0.000,0.000,-0.075,30.778,,.671%,AAPL,03783310
001690,14593,2020-09-30,2020-12-31,2021-04-30,40.941,0.030,21.536,35.173,35.602,35.602,35.602,7.458,24.671,0.221,0.217,0.290,0.252,0.425,0.254,0.254,0.262,0.829,0.378,0.144,0.837,0.373,0.837,0.804,0.387,0.380,0.410,0.590,0.691,0.590,0.027,0.023,0.344,0.028,0.273,0.361,1.395,0.147,0.415,0.392,0.793,0.828,0.312,0.902,6.040,1.423,0.785,0.697,3.661,24.452,27.239,0.829,1.317,1.355,,41.395,0.894,7.408,3.911,1.710,4.168,7.724,0.066,0.000,0.000,-0.075,33.126,,.624%,AAPL,03783310
001690,14593,2020-09-30,2021-03-31,2021-05-31,37.901,0.034,20.731,27.676,27.971,27.971,27.971,6.390,20.880,0.186,0.235,0.307,0.273,0.432,0.275,0.268,0.303,1.071,0.469,0.144,1.081,0.457,1.081,1.099,0.472,0.422,0.396,0.604,0.693,0.604,0.025,0.022,0.312,0.033,0.288,0.359,1.198,0.128,0.415,0.394,0.908,0.906,0.312,0.908,6.423,1.512,0.795,0.707,3.880,29.917,33.688,0.752,1.231,1.272,,40.527,0.977,8.076,4.110,1.886,4.767,10.870,0.062,0.000,0.000,-0.070,30.059,,.706%,AAPL,03783310
001690,14593,2020-09-30,2021-03-31,2021-06-30,41.331,0.034,20.731,30.419,30.743,30.743,30.743,6.969,22.770,0.186,0.235,0.307,0.273,0.432,0.275,0.268,0.303,1.071,0.469,0.144,1.081,0.457,1.081,1.099,0.472,0.422,0.396,0.604,0.693,0.604,0.025,0.022,0.312,0.033,0.288,0.359,1.198,0.128,0.415,0.394,0.908,0.906,0.312,0.908,6.423,1.512,0.795,0.707,3.880,29.917,33.688,0.752,1.231,1.272,,40.527,0.977,8.076,4.110,1.886,4.767,10.870,0.062,0.000,0.000,-0.070,32.780,,.643%,AAPL,03783310
001690,14593,2020-09-30,2021-03-31,2021-07-31,43.946,0.034,20.731,32.395,32.741,32.741,32.741,7.409,24.210,0.186,0.235,0.307,0.273,0.432,0.275,0.268,0.303,1.071,0.469,0.144,1.081,0.457,1.081,1.099,0.472,0.422,0.396,0.604,0.693,0.604,0.025,0.022,0.312,0.033,0.288,0.359,1.198,0.128,0.415,0.394,0.908,0.906,0.312,0.908,6.423,1.512,0.795,0.707,3.880,29.917,33.688,0.752,1.231,1.272,,40.527,0.977,8.076,4.110,1.886,4.767,10.870,0.062,0.000,0.000,-0.070,34.853,,.603%,AAPL,03783310
001690,14593,2020-09-30,2021-06-30,2021-08-31,44.174,0.028,20.242,29.424,29.712,29.712,29.712,7.230,24.037,0.165,0.250,0.320,0.288,0.442,0.291,0.282,0.333,1.259,0.532,0.144,1.272,0.516,1.272,1.404,0.552,0.456,0.386,0.614,0.697,0.614,0.025,0.022,0.277,0.036,0.305,0.355,1.077,0.119,0.419,0.390,0.982,0.924,0.312,0.908,6.762,1.571,0.803,0.715,4.075,34.296,38.334,0.662,1.138,1.181,,39.896,1.032,8.519,4.178,2.025,5.240,17.003,0.061,0.000,0.000,-0.053,39.044,,.580%,AAPL,03783310
001690,14593,2020-09-30,2021-06-30,2021-09-30,40.911,0.028,20.242,27.422,27.691,27.691,27.691,6.696,22.261,0.165,0.250,0.320,0.288,0.442,0.291,0.282,0.333,1.259,0.532,0.144,1.272,0.516,1.272,1.404,0.552,0.456,0.386,0.614,0.697,0.614,0.025,0.022,0.277,0.036,0.305,0.355,1.077,0.119,0.419,0.390,0.982,0.924,0.312,0.908,6.762,1.571,0.803,0.715,4.075,34.296,38.334,0.662,1.138,1.181,,39.896,1.032,8.519,4.178,2.025,5.240,17.003,0.061,0.000,0.000,-0.053,36.160,,.622%,AAPL,03783310
001690,14593,2020-09-30,2021-06-30,2021-10-31,43.257,0.028,20.242,29.031,29.315,29.315,29.315,7.079,23.538,0.165,0.250,0.320,0.288,0.442,0.291,0.282,0.333,1.259,0.532,0.144,1.272,0.516,1.272,1.404,0.552,0.456,0.386,0.614,0.697,0.614,0.025,0.022,0.277,0.036,0.305,0.355,1.077,0.119,0.419,0.390,0.982,0.924,0.312,0.908,6.762,1.571,0.803,0.715,4.075,34.296,38.334,0.662,1.138,1.181,,39.896,1.032,8.519,4.178,2.025,5.240,17.003,0.061,0.000,0.000,-0.053,38.234,,.587%,AAPL,03783310
001690,14593,2021-09-30,2021-09-30,2021-11-30,43.016,0.027,20.776,29.153,29.465,29.465,29.465,7.413,26.067,0.152,0.259,0.324,0.298,0.444,0.299,0.290,0.351,1.443,0.563,0.133,1.474,0.556,1.474,1.529,0.584,0.462,0.346,0.654,0.748,0.654,0.023,0.020,0.218,0.049,0.382,0.389,1.153,0.126,0.436,0.415,0.944,0.829,0.361,0.893,5.813,1.892,0.820,0.752,4.564,36.796,41.191,0.499,1.022,1.075,,38.245,1.084,8.225,4.245,2.005,5.798,39.104,0.060,0.000,0.000,-0.028,42.986,1.088,.532%,AAPL,03783310
001690,14593,2021-09-30,2021-09-30,2021-12-31,46.036,0.027,20.776,31.317,31.652,31.652,31.652,7.934,27.897,0.152,0.259,0.324,0.298,0.444,0.299,0.290,0.351,1.443,0.563,0.133,1.474,0.556,1.474,1.529,0.584,0.462,0.346,0.654,0.748,0.654,0.023,0.020,0.218,0.049,0.382,0.389,1.153,0.126,0.436,0.415,0.944,0.829,0.361,0.893,5.813,1.892,0.820,0.752,4.564,36.796,41.191,0.499,1.022,1.075,,38.245,1.084,8.225,4.245,2.005,5.798,39.104,0.060,0.000,0.000,-0.028,46.004,1.169,.496%,AAPL,03783310
001690,14593,2021-09-30,2021-09-30,2022-01-31,45.242,0.027,20.776,30.825,31.155,31.155,31.155,7.797,27.416,0.152,0.259,0.324,0.298,0.444,0.299,0.290,0.351,1.443,0.563,0.133,1.474,0.556,1.474,1.529,0.584,0.462,0.346,0.654,0.748,0.654,0.023,0.020,0.218,0.049,0.382,0.389,1.153,0.126,0.436,0.415,0.944,0.829,0.361,0.893,5.813,1.892,0.820,0.752,4.564,36.796,41.191,0.499,1.022,1.075,,38.245,1.084,8.225,4.245,2.005,5.798,39.104,0.060,0.000,0.000,-0.028,45.210,1.151,.503%,AAPL,03783310
001690,14593,2021-09-30,2021-12-31,2022-02-28,43.440,0.025,19.566,27.158,27.338,27.338,27.338,7.123,24.008,0.145,0.266,0.339,0.309,0.460,0.309,0.296,0.374,1.531,0.620,0.133,1.531,0.594,1.531,2.159,0.679,0.498,0.379,0.621,0.709,0.621,0.025,0.021,0.228,0.044,0.351,0.359,0.980,0.124,0.431,0.389,1.053,0.922,0.361,0.907,6.844,1.640,0.808,0.726,4.212,38.229,43.281,0.530,1.028,1.075,,35.751,1.082,8.238,3.914,2.135,5.637,41.252,0.061,0.000,0.000,-0.033,37.461,,.533%,AAPL,03783310
001690,14593,2021-09-30,2021-12-31,2022-03-31,45.622,0.025,19.566,28.719,28.909,28.909,28.909,7.480,25.214,0.145,0.266,0.339,0.309,0.460,0.309,0.296,0.374,1.531,0.620,0.133,1.531,0.594,1.531,2.159,0.679,0.498,0.379,0.621,0.709,0.621,0.025,0.021,0.228,0.044,0.351,0.359,0.980,0.124,0.431,0.389,1.053,0.922,0.361,0.907,6.844,1.640,0.808,0.726,4.212,38.229,43.281,0.530,1.028,1.075,,35.751,1.082,8.238,3.914,2.135,5.637,41.252,0.061,0.000,0.000,-0.033,39.343,,.504%,AAPL,03783310
001690,14593,2021-09-30,2021-12-31,2022-04-30,41.134,0.025,19.566,25.929,26.101,26.101,26.101,6.744,22.733,0.145,0.266,0.339,0.309,0.460,0.309,0.296,0.374,1.531,0.620,0.133,1.531,0.594,1.531,2.159,0.679,0.498,0.379,0.621,0.709,0.621,0.025,0.021,0.228,0.044,0.351,0.359,0.980,0.124,0.431,0.389,1.053,0.922,0.361,0.907,6.844,1.640,0.808,0.726,4.212,38.229,43.281,0.530,1.028,1.075,,35.751,1.082,8.238,3.914,2.135,5.637,41.252,0.061,0.000,0.000,-0.033,35.472,,.558%,AAPL,03783310
001690,14593,2021-09-30,2022-03-31,2022-05-31,37.152,0.024,20.716,23.968,24.162,24.162,24.162,6.241,20.691,0.145,0.264,0.338,0.309,0.462,0.308,0.293,0.373,1.519,0.619,0.133,1.519,0.591,1.519,2.365,0.693,0.505,0.380,0.620,0.714,0.620,0.025,0.022,0.209,0.044,0.377,0.355,0.959,0.132,0.444,0.380,1.028,0.916,0.361,0.909,6.875,1.631,0.811,0.731,4.297,38.449,43.857,0.472,0.979,1.024,,35.945,1.093,7.875,3.740,2.200,5.790,125.779,0.063,0.000,0.000,-0.041,35.742,,.618%,AAPL,03783310
001690,14593,2021-09-30,2022-03-31,2022-06-30,33.937,0.024,20.716,22.016,22.195,22.195,22.195,5.701,18.901,0.145,0.264,0.338,0.309,0.462,0.308,0.293,0.373,1.519,0.619,0.133,1.519,0.591,1.519,2.365,0.693,0.505,0.380,0.620,0.714,0.620,0.025,0.022,0.209,0.044,0.377,0.355,0.959,0.132,0.444,0.380,1.028,0.916,0.361,0.909,6.875,1.631,0.811,0.731,4.297,38.449,43.857,0.472,0.979,1.024,,35.945,1.093,7.875,3.740,2.200,5.790,125.779,0.063,0.000,0.000,-0.041,32.650,,.673%,AAPL,03783310
001690,14593,2021-09-30,2022-03-31,2022-07-31,40.277,0.024,20.716,26.169,26.381,26.381,26.381,6.766,22.432,0.145,0.264,0.338,0.309,0.462,0.308,0.293,0.373,1.519,0.619,0.133,1.519,0.591,1.519,2.365,0.693,0.505,0.380,0.620,0.714,0.620,0.025,0.022,0.209,0.044,0.377,0.355,0.959,0.132,0.444,0.380,1.028,0.916,0.361,0.909,6.875,1.631,0.811,0.731,4.297,38.449,43.857,0.472,0.979,1.024,,35.945,1.093,7.875,3.740,2.200,5.790,125.779,0.063,0.000,0.000,-0.041,38.749,,.566%,AAPL,03783310
001690,14593,2021-09-30,2022-06-30,2022-08-31,37.437,0.026,20.755,25.732,25.944,25.944,25.944,6.520,21.372,0.148,0.257,0.334,0.305,0.462,0.304,0.286,0.367,1.494,0.616,0.133,1.494,0.584,1.494,2.645,0.689,0.505,0.381,0.619,0.729,0.619,0.026,0.022,0.195,0.045,0.394,0.352,0.963,0.150,0.458,0.366,0.977,0.892,0.361,0.910,6.880,1.628,0.816,0.737,4.447,36.891,42.626,0.427,0.933,0.977,,35.711,1.092,7.584,3.627,2.264,5.950,39.104,0.065,0.000,0.000,-0.053,43.483,,.585%,AAPL,03783310
001690,14593,2021-09-30,2022-06-30,2022-09-30,32.647,0.026,20.755,22.619,22.805,22.805,22.805,5.686,18.637,0.148,0.257,0.334,0.305,0.462,0.304,0.286,0.367,1.494,0.616,0.133,1.494,0.584,1.494,2.645,0.689,0.505,0.381,0.619,0.729,0.619,0.026,0.022,0.195,0.045,0.394,0.352,0.963,0.150,0.458,0.366,0.977,0.892,0.361,0.910,6.880,1.628,0.816,0.737,4.447,36.891,42.626,0.427,0.933,0.977,,35.711,1.092,7.584,3.627,2.264,5.950,39.104,0.065,0.000,0.000,-0.053,37.919,,.666%,AAPL,03783310
001690,14593,2021-09-30,2022-06-30,2022-10-31,36.143,0.026,20.755,25.097,25.304,25.304,25.304,6.294,20.633,0.148,0.257,0.334,0.305,0.462,0.304,0.286,0.367,1.494,0.616,0.133,1.494,0.584,1.494,2.645,0.689,0.505,0.381,0.619,0.729,0.619,0.026,0.022,0.195,0.045,0.394,0.352,0.963,0.150,0.458,0.366,0.977,0.892,0.361,0.910,6.880,1.628,0.816,0.737,4.447,36.891,42.626,0.427,0.933,0.977,,35.711,1.092,7.584,3.627,2.264,5.950,39.104,0.065,0.000,0.000,-0.053,41.980,,.600%,AAPL,03783310
001690,14593,2022-09-30,2022-09-30,2022-11-30,32.111,0.023,18.229,24.070,24.227,24.227,24.227,5.972,19.278,0.148,0.253,0.325,0.303,0.455,0.302,0.281,0.364,1.755,0.624,0.162,1.755,0.563,1.755,2.573,0.642,0.509,0.316,0.684,0.826,0.684,0.026,0.022,0.160,0.037,0.450,0.376,1.034,0.172,0.510,0.363,0.832,0.793,0.404,0.912,5.750,2.165,0.856,0.795,5.962,35.051,40.750,0.314,0.847,0.879,,37.280,1.121,7.014,3.587,2.459,7.782,,0.067,0.000,0.000,-0.064,46.473,0.805,.621%,AAPL,03783310
001690,14593,2022-09-30,2022-09-30,2022-12-31,28.068,0.023,18.229,21.127,21.265,21.265,21.265,5.220,16.851,0.148,0.253,0.325,0.303,0.455,0.302,0.281,0.364,1.755,0.624,0.162,1.755,0.563,1.755,2.573,0.642,0.509,0.316,0.684,0.826,0.684,0.026,0.022,0.160,0.037,0.450,0.376,1.034,0.172,0.510,0.363,0.832,0.793,0.404,0.912,5.750,2.165,0.856,0.795,5.962,35.051,40.750,0.314,0.847,0.879,,37.280,1.121,7.014,3.587,2.459,7.782,,0.067,0.000,0.000,-0.064,40.622,0.707,.708%,AAPL,03783310
001690,14593,2022-09-30,2022-09-30,2023-01-31,31.130,0.023,18.229,23.462,23.615,23.615,23.615,5.789,18.690,0.148,0.253,0.325,0.303,0.455,0.302,0.281,0.364,1.755,0.624,0.162,1.755,0.563,1.755,2.573,0.642,0.509,0.316,0.684,0.826,0.684,0.026,0.022,0.160,0.037,0.450,0.376,1.034,0.172,0.510,0.363,0.832,0.793,0.404,0.912,5.750,2.165,0.856,0.795,5.962,35.051,40.750,0.314,0.847,0.879,,37.280,1.121,7.014,3.587,2.459,7.782,,0.067,0.000,0.000,-0.064,45.053,0.785,.638%,AAPL,03783310
001690,14593,2022-09-30,2022-12-31,2023-02-28,32.261,0.028,19.506,24.900,25.027,25.027,25.027,6.018,21.360,0.156,0.246,0.323,0.294,0.460,0.293,0.275,0.353,1.534,0.613,0.162,1.534,0.594,1.534,3.466,0.660,0.514,0.364,0.636,0.755,0.636,0.032,0.027,0.173,0.046,0.410,0.349,0.964,0.157,0.476,0.353,0.913,0.796,0.404,0.893,6.587,1.749,0.832,0.752,4.953,30.374,35.174,0.363,0.860,0.902,,36.955,1.118,7.645,3.771,2.421,6.656,,0.071,0.000,0.000,-0.040,41.115,,.624%,AAPL,03783310
001690,14593,2022-09-30,2022-12-31,2023-03-31,35.864,0.028,19.506,27.855,27.997,27.997,27.997,6.690,23.746,0.156,0.246,0.323,0.294,0.460,0.293,0.275,0.353,1.534,0.613,0.162,1.534,0.594,1.534,3.466,0.660,0.514,0.364,0.636,0.755,0.636,0.032,0.027,0.173,0.046,0.410,0.349,0.964,0.157,0.476,0.353,0.913,0.796,0.404,0.893,6.587,1.749,0.832,0.752,4.953,30.374,35.174,0.363,0.860,0.902,,36.955,1.118,7.645,3.771,2.421,6.656,,0.071,0.000,0.000,-0.040,45.706,,.558%,AAPL,03783310
001690,14593,2022-09-30,2022-12-31,2023-04-30,36.916,0.028,19.506,28.662,28.808,28.808,28.808,6.887,24.442,0.156,0.246,0.323,0.294,0.460,0.293,0.275,0.353,1.534,0.613,0.162,1.534,0.594,1.534,3.466,0.660,0.514,0.364,0.636,0.755,0.636,0.032,0.027,0.173,0.046,0.410,0.349,0.964,0.157,0.476,0.353,0.913,0.796,0.404,0.893,6.587,1.749,0.832,0.752,4.953,30.374,35.174,0.363,0.860,0.902,,36.955,1.118,7.645,3.771,2.421,6.656,,0.071,0.000,0.000,-0.040,47.047,,.542%,AAPL,03783310
001690,14593,2022-09-30,2023-03-31,2023-05-31,37.499,0.024,19.243,29.992,30.042,30.042,30.042,7.240,25.441,0.158,0.245,0.321,0.292,0.462,0.290,0.275,0.357,1.620,0.627,0.162,1.620,0.611,1.620,3.709,0.671,0.520,0.362,0.638,0.752,0.638,0.035,0.029,0.179,0.050,0.395,0.346,0.955,0.152,0.475,0.352,0.915,0.810,0.404,0.890,6.363,1.762,0.834,0.751,5.009,28.112,32.281,0.376,0.859,0.904,,33.600,1.126,7.971,3.925,2.450,6.766,,0.075,0.000,0.000,-0.044,44.852,,.542%,AAPL,03783310
001690,14593,2022-09-30,2023-03-31,2023-06-30,40.826,0.024,19.243,32.821,32.876,32.876,32.876,7.882,27.698,0.158,0.245,0.321,0.292,0.462,0.290,0.275,0.357,1.620,0.627,0.162,1.620,0.611,1.620,3.709,0.671,0.520,0.362,0.638,0.752,0.638,0.035,0.029,0.179,0.050,0.395,0.346,0.955,0.152,0.475,0.352,0.915,0.810,0.404,0.890,6.363,1.762,0.834,0.751,5.009,28.112,32.281,0.376,0.859,0.904,,33.600,1.126,7.971,3.925,2.450,6.766,,0.075,0.000,0.000,-0.044,48.831,,.495%,AAPL,03783310
001690,14593,2022-09-30,2023-03-31,2023-07-31,41.311,0.024,19.243,33.240,33.297,33.297,33.297,7.976,28.027,0.158,0.245,0.321,0.292,0.462,0.290,0.275,0.357,1.620,0.627,0.162,1.620,0.611,1.620,3.709,0.671,0.520,0.362,0.638,0.752,0.638,0.035,0.029,0.179,0.050,0.395,0.346,0.955,0.152,0.475,0.352,0.915,0.810,0.404,0.890,6.363,1.762,0.834,0.751,5.009,28.112,32.281,0.376,0.859,0.904,,33.600,1.126,7.971,3.925,2.450,6.766,,0.075,0.000,0.000,-0.044,49.412,,.489%,AAPL,03783310
001690,14593,2022-09-30,2023-06-30,2023-08-31,38.507,0.020,20.879,31.416,31.522,31.522,31.522,7.650,25.976,0.158,0.247,0.323,0.292,0.465,0.290,0.277,0.362,1.665,0.641,0.162,1.665,0.627,1.665,3.524,0.671,0.523,0.362,0.638,0.729,0.638,0.037,0.033,0.192,0.053,0.381,0.338,0.933,0.125,0.472,0.356,0.925,0.843,0.404,0.893,6.232,1.760,0.832,0.746,4.947,26.216,29.863,0.407,0.882,0.932,,30.886,1.124,8.074,3.917,2.421,6.682,,0.076,0.000,0.000,-0.054,48.731,,.511%,AAPL,03783310
001690,14593,2022-09-30,2023-06-30,2023-09-30,34.903,0.020,20.879,28.630,28.727,28.727,28.727,6.934,23.545,0.158,0.247,0.323,0.292,0.465,0.290,0.277,0.362,1.665,0.641,0.162,1.665,0.627,1.665,3.524,0.671,0.523,0.362,0.638,0.729,0.638,0.037,0.033,0.192,0.053,0.381,0.338,0.933,0.125,0.472,0.356,0.925,0.843,0.404,0.893,6.232,1.760,0.832,0.746,4.947,26.216,29.863,0.407,0.882,0.932,,30.886,1.124,8.074,3.917,2.421,6.682,,0.076,0.000,0.000,-0.054,44.170,,.561%,AAPL,03783310
001690,14593,2022-09-30,2023-06-30,2023-10-31,34.819,0.020,20.879,28.557,28.653,28.653,28.653,6.918,23.489,0.158,0.247,0.323,0.292,0.465,0.290,0.277,0.362,1.665,0.641,0.162,1.665,0.627,1.665,3.524,0.671,0.523,0.362,0.638,0.729,0.638,0.037,0.033,0.192,0.053,0.381,0.338,0.933,0.125,0.472,0.356,0.925,0.843,0.404,0.893,6.232,1.760,0.832,0.746,4.947,26.216,29.863,0.407,0.882,0.932,,30.886,1.124,8.074,3.917,2.421,6.682,,0.076,0.000,0.000,-0.054,44.064,,.562%,AAPL,03783310
001690,14593,2023-09-30,2023-09-30,2023-11-30,36.549,0.023,22.689,30.836,30.987,30.987,30.987,7.708,26.725,0.155,0.253,0.320,0.298,0.463,0.297,0.283,0.348,1.719,0.619,0.147,1.719,0.629,1.719,2.640,0.592,0.504,0.368,0.632,0.735,0.632,0.036,0.031,0.212,0.044,0.425,0.351,1.009,0.140,0.500,0.367,0.845,0.761,0.381,0.901,5.341,1.714,0.824,0.750,4.673,25.662,29.062,0.424,0.944,0.988,,36.470,1.087,6.288,3.267,2.272,6.167,,0.078,0.000,0.000,-0.038,47.537,1.158,.505%,AAPL,03783310
001690,14593,2023-09-30,2023-09-30,2023-12-31,37.046,0.023,22.689,31.255,31.408,31.408,31.408,7.812,27.088,0.155,0.253,0.320,0.298,0.463,0.297,0.283,0.348,1.719,0.619,0.147,1.719,0.629,1.719,2.640,0.592,0.504,0.368,0.632,0.735,0.632,0.036,0.031,0.212,0.044,0.425,0.351,1.009,0.140,0.500,0.367,0.845,0.761,0.381,0.901,5.341,1.714,0.824,0.750,4.673,25.662,29.062,0.424,0.944,0.988,,36.470,1.087,6.288,3.267,2.272,6.167,,0.078,0.000,0.000,-0.038,48.183,1.174,.499%,AAPL,03783310
